Offer,Terms and Conditions,Link,Image,Eligible Credit Cards,Eligible Debit Cards,Non-Payments-Offers
Axis Bank,During the period from 01st Jan26 till 31st Mar 26 (inclusive of both dates) only on Saturdays and Sundays ('Offer Period') Cardholders using their valid Axis Bank Credit Card ('card') at Croma website (Croma) will be entitled to following offers mentioned in the below table on applicable payment modes ('Offer'):,https://www.croma.com/lp-more-for-your-moneysrsltid=AfmBOor8rFxVsOL-ZG1MyY7p24zBLSaG-RWpCWK9aNS7p7zEnEeuLws3,,Axis Bank Ace Credit Card,,
Axis Bank,During the period from 01st Jan26 till 31st Mar 26 (inclusive of both dates) only on Saturdays and Sundays ('Offer Period') Cardholders using their valid Axis Bank Credit Card ('card') at Croma website (Croma) will be entitled to following offers mentioned in the below table on applicable payment modes ('Offer'):,https://www.croma.com/lp-more-for-your-moneysrsltid=AfmBOor8rFxVsOL-ZG1MyY7p24zBLSaG-RWpCWK9aNS7p7zEnEeuLws3,,Airtel Axis Bank RuPay Credit Card,,
Axis Bank,During the period from 01st Jan26 till 31st Mar 26 (inclusive of both dates) only on Saturdays and Sundays ('Offer Period') Cardholders using their valid Axis Bank Credit Card ('card') at Croma website (Croma) will be entitled to following offers mentioned in the below table on applicable payment modes ('Offer'):,https://www.croma.com/lp-more-for-your-moneysrsltid=AfmBOor8rFxVsOL-ZG1MyY7p24zBLSaG-RWpCWK9aNS7p7zEnEeuLws3,,Airtel Axis Bank Credit Card,,
Axis Bank,During the period from 01st Jan26 till 31st Mar 26 (inclusive of both dates) only on Saturdays and Sundays ('Offer Period') Cardholders using their valid Axis Bank Credit Card ('card') at Croma website (Croma) will be entitled to following offers mentioned in the below table on applicable payment modes ('Offer'):,https://www.croma.com/lp-more-for-your-moneysrsltid=AfmBOor8rFxVsOL-ZG1MyY7p24zBLSaG-RWpCWK9aNS7p7zEnEeuLws3,,Flipkart Axis Bank Credit Card,,
Axis Bank,During the period from 01st Jan26 till 31st Mar 26 (inclusive of both dates) only on Saturdays and Sundays ('Offer Period') Cardholders using their valid Axis Bank Credit Card ('card') at Croma website (Croma) will be entitled to following offers mentioned in the below table on applicable payment modes ('Offer'):,https://www.croma.com/lp-more-for-your-moneysrsltid=AfmBOor8rFxVsOL-ZG1MyY7p24zBLSaG-RWpCWK9aNS7p7zEnEeuLws3,,Axis Bank Neo Credit Card,,
Axis Bank,During the period from 01st Jan26 till 31st Mar 26 (inclusive of both dates) only on Saturdays and Sundays ('Offer Period') Cardholders using their valid Axis Bank Credit Card ('card') at Croma website (Croma) will be entitled to following offers mentioned in the below table on applicable payment modes ('Offer'):,https://www.croma.com/lp-more-for-your-moneysrsltid=AfmBOor8rFxVsOL-ZG1MyY7p24zBLSaG-RWpCWK9aNS7p7zEnEeuLws3,,Axis Bank Atlas Credit Card,,
Axis Bank,During the period from 01st Jan26 till 31st Mar 26 (inclusive of both dates) only on Saturdays and Sundays ('Offer Period') Cardholders using their valid Axis Bank Credit Card ('card') at Croma website (Croma) will be entitled to following offers mentioned in the below table on applicable payment modes ('Offer'):,https://www.croma.com/lp-more-for-your-moneysrsltid=AfmBOor8rFxVsOL-ZG1MyY7p24zBLSaG-RWpCWK9aNS7p7zEnEeuLws3,,Flipkart Axis Bank Superelite Credit Card,,
Axis Bank,During the period from 01st Jan26 till 31st Mar 26 (inclusive of both dates) only on Saturdays and Sundays ('Offer Period') Cardholders using their valid Axis Bank Credit Card ('card') at Croma website (Croma) will be entitled to following offers mentioned in the below table on applicable payment modes ('Offer'):,https://www.croma.com/lp-more-for-your-moneysrsltid=AfmBOor8rFxVsOL-ZG1MyY7p24zBLSaG-RWpCWK9aNS7p7zEnEeuLws3,,Axis Bank Cashback Credit CardAxis Bank,,
Axis Bank,During the period from 01st Jan26 till 31st Mar 26 (inclusive of both dates) only on Saturdays and Sundays ('Offer Period') Cardholders using their valid Axis Bank Credit Card ('card') at Croma website (Croma) will be entitled to following offers mentioned in the below table on applicable payment modes ('Offer'):,https://www.croma.com/lp-more-for-your-moneysrsltid=AfmBOor8rFxVsOL-ZG1MyY7p24zBLSaG-RWpCWK9aNS7p7zEnEeuLws3,,Axis Bank Rewards Credit Card,,
Axis Bank,During the period from 01st Jan26 till 31st Mar 26 (inclusive of both dates) only on Saturdays and Sundays ('Offer Period') Cardholders using their valid Axis Bank Credit Card ('card') at Croma website (Croma) will be entitled to following offers mentioned in the below table on applicable payment modes ('Offer'):,https://www.croma.com/lp-more-for-your-moneysrsltid=AfmBOor8rFxVsOL-ZG1MyY7p24zBLSaG-RWpCWK9aNS7p7zEnEeuLws3,,IndianOil Axis Bank Credit Card,,
Axis Bank,During the period from 01st Jan26 till 31st Mar 26 (inclusive of both dates) only on Saturdays and Sundays ('Offer Period') Cardholders using their valid Axis Bank Credit Card ('card') at Croma website (Croma) will be entitled to following offers mentioned in the below table on applicable payment modes ('Offer'):,https://www.croma.com/lp-more-for-your-moneysrsltid=AfmBOor8rFxVsOL-ZG1MyY7p24zBLSaG-RWpCWK9aNS7p7zEnEeuLws3,,Fibe Axis Bank Credit Card,,
Axis Bank,During the period from 01st Jan26 till 31st Mar 26 (inclusive of both dates) only on Saturdays and Sundays ('Offer Period') Cardholders using their valid Axis Bank Credit Card ('card') at Croma website (Croma) will be entitled to following offers mentioned in the below table on applicable payment modes ('Offer'):,https://www.croma.com/lp-more-for-your-moneysrsltid=AfmBOor8rFxVsOL-ZG1MyY7p24zBLSaG-RWpCWK9aNS7p7zEnEeuLws3,,Axis Bank SpiceJet Voyage Black Credit Card,,
Axis Bank,During the period from 01st Jan26 till 31st Mar 26 (inclusive of both dates) only on Saturdays and Sundays ('Offer Period') Cardholders using their valid Axis Bank Credit Card ('card') at Croma website (Croma) will be entitled to following offers mentioned in the below table on applicable payment modes ('Offer'):,https://www.croma.com/lp-more-for-your-moneysrsltid=AfmBOor8rFxVsOL-ZG1MyY7p24zBLSaG-RWpCWK9aNS7p7zEnEeuLws3,,Spicejet Axis Bank Voyage Credit Card,,
Axis Bank,During the period from 01st Jan26 till 31st Mar 26 (inclusive of both dates) only on Saturdays and Sundays ('Offer Period') Cardholders using their valid Axis Bank Credit Card ('card') at Croma website (Croma) will be entitled to following offers mentioned in the below table on applicable payment modes ('Offer'):,https://www.croma.com/lp-more-for-your-moneysrsltid=AfmBOor8rFxVsOL-ZG1MyY7p24zBLSaG-RWpCWK9aNS7p7zEnEeuLws3,,Samsung Axis Bank Infinite Credit Card,,
Axis Bank,During the period from 01st Jan26 till 31st Mar 26 (inclusive of both dates) only on Saturdays and Sundays ('Offer Period') Cardholders using their valid Axis Bank Credit Card ('card') at Croma website (Croma) will be entitled to following offers mentioned in the below table on applicable payment modes ('Offer'):,https://www.croma.com/lp-more-for-your-moneysrsltid=AfmBOor8rFxVsOL-ZG1MyY7p24zBLSaG-RWpCWK9aNS7p7zEnEeuLws3,,Google Pay Flex Axis Bank Credit Card,,
Axis Bank,During the period from 01st Jan26 till 31st Mar 26 (inclusive of both dates) only on Saturdays and Sundays ('Offer Period') Cardholders using their valid Axis Bank Credit Card ('card') at Croma website (Croma) will be entitled to following offers mentioned in the below table on applicable payment modes ('Offer'):,https://www.croma.com/lp-more-for-your-moneysrsltid=AfmBOor8rFxVsOL-ZG1MyY7p24zBLSaG-RWpCWK9aNS7p7zEnEeuLws3,,Axis Bank Reserve Credit Card,,
Axis Bank,During the period from 01st Jan26 till 31st Mar 26 (inclusive of both dates) only on Saturdays and Sundays ('Offer Period') Cardholders using their valid Axis Bank Credit Card ('card') at Croma website (Croma) will be entitled to following offers mentioned in the below table on applicable payment modes ('Offer'):,https://www.croma.com/lp-more-for-your-moneysrsltid=AfmBOor8rFxVsOL-ZG1MyY7p24zBLSaG-RWpCWK9aNS7p7zEnEeuLws3,,Axis Bank Vistara Infinite Credit Card,,
Axis Bank,During the period from 01st Jan26 till 31st Mar 26 (inclusive of both dates) only on Saturdays and Sundays ('Offer Period') Cardholders using their valid Axis Bank Credit Card ('card') at Croma website (Croma) will be entitled to following offers mentioned in the below table on applicable payment modes ('Offer'):,https://www.croma.com/lp-more-for-your-moneysrsltid=AfmBOor8rFxVsOL-ZG1MyY7p24zBLSaG-RWpCWK9aNS7p7zEnEeuLws3,,Axis Bank Miles And More World Select Credit Card,,
Axis Bank,During the period from 01st Jan26 till 31st Mar 26 (inclusive of both dates) only on Saturdays and Sundays ('Offer Period') Cardholders using their valid Axis Bank Credit Card ('card') at Croma website (Croma) will be entitled to following offers mentioned in the below table on applicable payment modes ('Offer'):,https://www.croma.com/lp-more-for-your-moneysrsltid=AfmBOor8rFxVsOL-ZG1MyY7p24zBLSaG-RWpCWK9aNS7p7zEnEeuLws3,,Axis Bank Miles And More World Credit Card,,
Axis Bank,During the period from 01st Jan26 till 31st Mar 26 (inclusive of both dates) only on Saturdays and Sundays ('Offer Period') Cardholders using their valid Axis Bank Credit Card ('card') at Croma website (Croma) will be entitled to following offers mentioned in the below table on applicable payment modes ('Offer'):,https://www.croma.com/lp-more-for-your-moneysrsltid=AfmBOor8rFxVsOL-ZG1MyY7p24zBLSaG-RWpCWK9aNS7p7zEnEeuLws3,,Samsung Axis Bank Signature Credit Card,,
Axis Bank,During the period from 01st Jan26 till 31st Mar 26 (inclusive of both dates) only on Saturdays and Sundays ('Offer Period') Cardholders using their valid Axis Bank Credit Card ('card') at Croma website (Croma) will be entitled to following offers mentioned in the below table on applicable payment modes ('Offer'):,https://www.croma.com/lp-more-for-your-moneysrsltid=AfmBOor8rFxVsOL-ZG1MyY7p24zBLSaG-RWpCWK9aNS7p7zEnEeuLws3,,Axis Bank Vistara Credit Card,,
Axis Bank,During the period from 01st Jan26 till 31st Mar 26 (inclusive of both dates) only on Saturdays and Sundays ('Offer Period') Cardholders using their valid Axis Bank Credit Card ('card') at Croma website (Croma) will be entitled to following offers mentioned in the below table on applicable payment modes ('Offer'):,https://www.croma.com/lp-more-for-your-moneysrsltid=AfmBOor8rFxVsOL-ZG1MyY7p24zBLSaG-RWpCWK9aNS7p7zEnEeuLws3,,Axis Bank Magnus Credit Card,,
Axis Bank,During the period from 01st Jan26 till 31st Mar 26 (inclusive of both dates) only on Saturdays and Sundays ('Offer Period') Cardholders using their valid Axis Bank Credit Card ('card') at Croma website (Croma) will be entitled to following offers mentioned in the below table on applicable payment modes ('Offer'):,https://www.croma.com/lp-more-for-your-moneysrsltid=AfmBOor8rFxVsOL-ZG1MyY7p24zBLSaG-RWpCWK9aNS7p7zEnEeuLws3,,Axis Bank MY Zone Credit Card,,
Axis Bank,During the period from 01st Jan26 till 31st Mar 26 (inclusive of both dates) only on Saturdays and Sundays ('Offer Period') Cardholders using their valid Axis Bank Credit Card ('card') at Croma website (Croma) will be entitled to following offers mentioned in the below table on applicable payment modes ('Offer'):,https://www.croma.com/lp-more-for-your-moneysrsltid=AfmBOor8rFxVsOL-ZG1MyY7p24zBLSaG-RWpCWK9aNS7p7zEnEeuLws3,,Axis Bank Signature Credit Card,,
Axis Bank,During the period from 01st Jan26 till 31st Mar 26 (inclusive of both dates) only on Saturdays and Sundays ('Offer Period') Cardholders using their valid Axis Bank Credit Card ('card') at Croma website (Croma) will be entitled to following offers mentioned in the below table on applicable payment modes ('Offer'):,https://www.croma.com/lp-more-for-your-moneysrsltid=AfmBOor8rFxVsOL-ZG1MyY7p24zBLSaG-RWpCWK9aNS7p7zEnEeuLws3,,Axis Bank Privilege Credit Card,,
Axis Bank,During the period from 01st Jan26 till 31st Mar 26 (inclusive of both dates) only on Saturdays and Sundays ('Offer Period') Cardholders using their valid Axis Bank Credit Card ('card') at Croma website (Croma) will be entitled to following offers mentioned in the below table on applicable payment modes ('Offer'):,https://www.croma.com/lp-more-for-your-moneysrsltid=AfmBOor8rFxVsOL-ZG1MyY7p24zBLSaG-RWpCWK9aNS7p7zEnEeuLws3,,Axis Bank Privilege Easy Credit Card,,
Axis Bank,During the period from 01st Jan26 till 31st Mar 26 (inclusive of both dates) only on Saturdays and Sundays ('Offer Period') Cardholders using their valid Axis Bank Credit Card ('card') at Croma website (Croma) will be entitled to following offers mentioned in the below table on applicable payment modes ('Offer'):,https://www.croma.com/lp-more-for-your-moneysrsltid=AfmBOor8rFxVsOL-ZG1MyY7p24zBLSaG-RWpCWK9aNS7p7zEnEeuLws3,,Axis Bank Freecharge Plus Credit Card,,
Axis Bank,During the period from 01st Jan26 till 31st Mar 26 (inclusive of both dates) only on Saturdays and Sundays ('Offer Period') Cardholders using their valid Axis Bank Credit Card ('card') at Croma website (Croma) will be entitled to following offers mentioned in the below table on applicable payment modes ('Offer'):,https://www.croma.com/lp-more-for-your-moneysrsltid=AfmBOor8rFxVsOL-ZG1MyY7p24zBLSaG-RWpCWK9aNS7p7zEnEeuLws3,,Axis Bank Select Credit Card,,
Axis Bank,During the period from 01st Jan26 till 31st Mar 26 (inclusive of both dates) only on Saturdays and Sundays ('Offer Period') Cardholders using their valid Axis Bank Credit Card ('card') at Croma website (Croma) will be entitled to following offers mentioned in the below table on applicable payment modes ('Offer'):,https://www.croma.com/lp-more-for-your-moneysrsltid=AfmBOor8rFxVsOL-ZG1MyY7p24zBLSaG-RWpCWK9aNS7p7zEnEeuLws3,,Axis Insta Easy Credit Card,,
Axis Bank,During the period from 01st Jan26 till 31st Mar 26 (inclusive of both dates) only on Saturdays and Sundays ('Offer Period') Cardholders using their valid Axis Bank Credit Card ('card') at Croma website (Croma) will be entitled to following offers mentioned in the below table on applicable payment modes ('Offer'):,https://www.croma.com/lp-more-for-your-moneysrsltid=AfmBOor8rFxVsOL-ZG1MyY7p24zBLSaG-RWpCWK9aNS7p7zEnEeuLws3,,Axis Bank Vistara Signature Credit Card,,
Axis Bank,During the period from 01st Jan26 till 31st Mar 26 (inclusive of both dates) only on Saturdays and Sundays ('Offer Period') Cardholders using their valid Axis Bank Credit Card ('card') at Croma website (Croma) will be entitled to following offers mentioned in the below table on applicable payment modes ('Offer'):,https://www.croma.com/lp-more-for-your-moneysrsltid=AfmBOor8rFxVsOL-ZG1MyY7p24zBLSaG-RWpCWK9aNS7p7zEnEeuLws3,,Axis Bank Pride Signature Credit Card,,
Axis Bank,During the period from 01st Jan26 till 31st Mar 26 (inclusive of both dates) only on Saturdays and Sundays ('Offer Period') Cardholders using their valid Axis Bank Credit Card ('card') at Croma website (Croma) will be entitled to following offers mentioned in the below table on applicable payment modes ('Offer'):,https://www.croma.com/lp-more-for-your-moneysrsltid=AfmBOor8rFxVsOL-ZG1MyY7p24zBLSaG-RWpCWK9aNS7p7zEnEeuLws3,,LIC Axis Bank Signature Credit Card,,
Axis Bank,During the period from 01st Jan26 till 31st Mar 26 (inclusive of both dates) only on Saturdays and Sundays ('Offer Period') Cardholders using their valid Axis Bank Credit Card ('card') at Croma website (Croma) will be entitled to following offers mentioned in the below table on applicable payment modes ('Offer'):,https://www.croma.com/lp-more-for-your-moneysrsltid=AfmBOor8rFxVsOL-ZG1MyY7p24zBLSaG-RWpCWK9aNS7p7zEnEeuLws3,,Axis Bank Platinum Credit Card,,
Axis Bank,During the period from 01st Jan26 till 31st Mar 26 (inclusive of both dates) only on Saturdays and Sundays ('Offer Period') Cardholders using their valid Axis Bank Credit Card ('card') at Croma website (Croma) will be entitled to following offers mentioned in the below table on applicable payment modes ('Offer'):,https://www.croma.com/lp-more-for-your-moneysrsltid=AfmBOor8rFxVsOL-ZG1MyY7p24zBLSaG-RWpCWK9aNS7p7zEnEeuLws3,,Axis Bank My Wings Credit Card,,
Axis Bank,During the period from 01st Jan26 till 31st Mar 26 (inclusive of both dates) only on Saturdays and Sundays ('Offer Period') Cardholders using their valid Axis Bank Credit Card ('card') at Croma website (Croma) will be entitled to following offers mentioned in the below table on applicable payment modes ('Offer'):,https://www.croma.com/lp-more-for-your-moneysrsltid=AfmBOor8rFxVsOL-ZG1MyY7p24zBLSaG-RWpCWK9aNS7p7zEnEeuLws3,,Axis Bank Aura Credit Card,,
Axis Bank,During the period from 01st Jan26 till 31st Mar 26 (inclusive of both dates) only on Saturdays and Sundays ('Offer Period') Cardholders using their valid Axis Bank Credit Card ('card') at Croma website (Croma) will be entitled to following offers mentioned in the below table on applicable payment modes ('Offer'):,https://www.croma.com/lp-more-for-your-moneysrsltid=AfmBOor8rFxVsOL-ZG1MyY7p24zBLSaG-RWpCWK9aNS7p7zEnEeuLws3,,Axis Bank Titanium Smart Traveller Credit Card,,
Axis Bank,During the period from 01st Jan26 till 31st Mar 26 (inclusive of both dates) only on Saturdays and Sundays ('Offer Period') Cardholders using their valid Axis Bank Credit Card ('card') at Croma website (Croma) will be entitled to following offers mentioned in the below table on applicable payment modes ('Offer'):,https://www.croma.com/lp-more-for-your-moneysrsltid=AfmBOor8rFxVsOL-ZG1MyY7p24zBLSaG-RWpCWK9aNS7p7zEnEeuLws3,,Axis Bank Freecharge Credit Card,,
Axis Bank,During the period from 01st Jan26 till 31st Mar 26 (inclusive of both dates) only on Saturdays and Sundays ('Offer Period') Cardholders using their valid Axis Bank Credit Card ('card') at Croma website (Croma) will be entitled to following offers mentioned in the below table on applicable payment modes ('Offer'):,https://www.croma.com/lp-more-for-your-moneysrsltid=AfmBOor8rFxVsOL-ZG1MyY7p24zBLSaG-RWpCWK9aNS7p7zEnEeuLws3,,Axis Bank Pride Platinum Credit Card,,
Axis Bank,During the period from 01st Jan26 till 31st Mar 26 (inclusive of both dates) only on Saturdays and Sundays ('Offer Period') Cardholders using their valid Axis Bank Credit Card ('card') at Croma website (Croma) will be entitled to following offers mentioned in the below table on applicable payment modes ('Offer'):,https://www.croma.com/lp-more-for-your-moneysrsltid=AfmBOor8rFxVsOL-ZG1MyY7p24zBLSaG-RWpCWK9aNS7p7zEnEeuLws3,,Axis Bank Neo Credit Card,,
Axis Bank,During the period from 01st Jan26 till 31st Mar 26 (inclusive of both dates) only on Saturdays and Sundays ('Offer Period') Cardholders using their valid Axis Bank Credit Card ('card') at Croma website (Croma) will be entitled to following offers mentioned in the below table on applicable payment modes ('Offer'):,https://www.croma.com/lp-more-for-your-moneysrsltid=AfmBOor8rFxVsOL-ZG1MyY7p24zBLSaG-RWpCWK9aNS7p7zEnEeuLws3,,Axis KWIK Credit Card,,
Axis Bank,During the period from 01st Jan26 till 31st Mar 26 (inclusive of both dates) only on Saturdays and Sundays ('Offer Period') Cardholders using their valid Axis Bank Credit Card ('card') at Croma website (Croma) will be entitled to following offers mentioned in the below table on applicable payment modes ('Offer'):,https://www.croma.com/lp-more-for-your-moneysrsltid=AfmBOor8rFxVsOL-ZG1MyY7p24zBLSaG-RWpCWK9aNS7p7zEnEeuLws3,,LIC Axis Bank Platinum Credit Card,,
Axis Bank,During the period from 01st Jan26 till 31st Mar 26 (inclusive of both dates) only on Saturdays and Sundays ('Offer Period') Cardholders using their valid Axis Bank Credit Card ('card') at Croma website (Croma) will be entitled to following offers mentioned in the below table on applicable payment modes ('Offer'):,https://www.croma.com/lp-more-for-your-moneysrsltid=AfmBOor8rFxVsOL-ZG1MyY7p24zBLSaG-RWpCWK9aNS7p7zEnEeuLws3,,Axis Horizon Mastercard Credit Card,,
Axis Bank,During the period from 01st Jan26 till 31st Mar 26 (inclusive of both dates) only on Saturdays and Sundays ('Offer Period') Cardholders using their valid Axis Bank Credit Card ('card') at Croma website (Croma) will be entitled to following offers mentioned in the below table on applicable payment modes ('Offer'):,https://www.croma.com/lp-more-for-your-moneysrsltid=AfmBOor8rFxVsOL-ZG1MyY7p24zBLSaG-RWpCWK9aNS7p7zEnEeuLws3,,Axis Bank Shoppers Stop Credit Card,,
Axis Bank,During the period from 01st Jan26 till 31st Mar 26 (inclusive of both dates) only on Saturdays and Sundays ('Offer Period') Cardholders using their valid Axis Bank Credit Card ('card') at Croma website (Croma) will be entitled to following offers mentioned in the below table on applicable payment modes ('Offer'):,https://www.croma.com/lp-more-for-your-moneysrsltid=AfmBOor8rFxVsOL-ZG1MyY7p24zBLSaG-RWpCWK9aNS7p7zEnEeuLws3,,Axis Bank Horizon Credit Card,,
HSBC Offer,"This offer is brought to you by The Hongkong and Shanghai Banking Corporation Limited India (HSBC) and any participation in the offer is voluntary.
This offer is available to existing and new resident HSBC credit cardholders excluding corporate cardholders (hereinafter referred to as 'cardholders'). Credit cardholders who have not made their minimum payment due within 30 days of the payment due date mentioned on the credit card statement will not be eligible for the offer.
Cardholders are required to use their valid HSBC Credit Card ('card') in order to have the offer available to them.
During the period from 1st Jan 2026 till 31st Mar2026 (inclusive of both dates) Cardholders using their valid HSBC Credit Card ('card') at Croma website (Croma) will be entitled to following offers mentioned in the below table on applicable payment modes ('Offer'):

EMI

7.5% Instant Discount upto Rs.7500
",https://www.croma.com/lp-more-for-your-moneysrsltid=AfmBOor8rFxVsOL-ZG1MyY7p24zBLSaG-RWpCWK9aNS7p7zEnEeuLws3,,HSBC Live+ Credit Card,,
HSBC Offer,"This offer is brought to you by The Hongkong and Shanghai Banking Corporation Limited India (HSBC) and any participation in the offer is voluntary.
This offer is available to existing and new resident HSBC credit cardholders excluding corporate cardholders (hereinafter referred to as 'cardholders'). Credit cardholders who have not made their minimum payment due within 30 days of the payment due date mentioned on the credit card statement will not be eligible for the offer.
Cardholders are required to use their valid HSBC Credit Card ('card') in order to have the offer available to them.
During the period from 1st Jan 2026 till 31st Mar2026 (inclusive of both dates) Cardholders using their valid HSBC Credit Card ('card') at Croma website (Croma) will be entitled to following offers mentioned in the below table on applicable payment modes ('Offer'):

EMI

7.5% Instant Discount upto Rs.7500
",https://www.croma.com/lp-more-for-your-moneysrsltid=AfmBOor8rFxVsOL-ZG1MyY7p24zBLSaG-RWpCWK9aNS7p7zEnEeuLws3,,HSBC Visa Platinum Credit Card,,
HSBC Offer,"This offer is brought to you by The Hongkong and Shanghai Banking Corporation Limited India (HSBC) and any participation in the offer is voluntary.
This offer is available to existing and new resident HSBC credit cardholders excluding corporate cardholders (hereinafter referred to as 'cardholders'). Credit cardholders who have not made their minimum payment due within 30 days of the payment due date mentioned on the credit card statement will not be eligible for the offer.
Cardholders are required to use their valid HSBC Credit Card ('card') in order to have the offer available to them.
During the period from 1st Jan 2026 till 31st Mar2026 (inclusive of both dates) Cardholders using their valid HSBC Credit Card ('card') at Croma website (Croma) will be entitled to following offers mentioned in the below table on applicable payment modes ('Offer'):

EMI

7.5% Instant Discount upto Rs.7500
",https://www.croma.com/lp-more-for-your-moneysrsltid=AfmBOor8rFxVsOL-ZG1MyY7p24zBLSaG-RWpCWK9aNS7p7zEnEeuLws3,,HSBC Taj Credit Card,,
HSBC Offer,"This offer is brought to you by The Hongkong and Shanghai Banking Corporation Limited India (HSBC) and any participation in the offer is voluntary.
This offer is available to existing and new resident HSBC credit cardholders excluding corporate cardholders (hereinafter referred to as 'cardholders'). Credit cardholders who have not made their minimum payment due within 30 days of the payment due date mentioned on the credit card statement will not be eligible for the offer.
Cardholders are required to use their valid HSBC Credit Card ('card') in order to have the offer available to them.
During the period from 1st Jan 2026 till 31st Mar2026 (inclusive of both dates) Cardholders using their valid HSBC Credit Card ('card') at Croma website (Croma) will be entitled to following offers mentioned in the below table on applicable payment modes ('Offer'):

EMI

7.5% Instant Discount upto Rs.7500
",https://www.croma.com/lp-more-for-your-moneysrsltid=AfmBOor8rFxVsOL-ZG1MyY7p24zBLSaG-RWpCWK9aNS7p7zEnEeuLws3,,HSBC TravelOne Credit Card,,
HSBC Offer,"This offer is brought to you by The Hongkong and Shanghai Banking Corporation Limited India (HSBC) and any participation in the offer is voluntary.
This offer is available to existing and new resident HSBC credit cardholders excluding corporate cardholders (hereinafter referred to as 'cardholders'). Credit cardholders who have not made their minimum payment due within 30 days of the payment due date mentioned on the credit card statement will not be eligible for the offer.
Cardholders are required to use their valid HSBC Credit Card ('card') in order to have the offer available to them.
During the period from 1st Jan 2026 till 31st Mar2026 (inclusive of both dates) Cardholders using their valid HSBC Credit Card ('card') at Croma website (Croma) will be entitled to following offers mentioned in the below table on applicable payment modes ('Offer'):

EMI

7.5% Instant Discount upto Rs.7500
",https://www.croma.com/lp-more-for-your-moneysrsltid=AfmBOor8rFxVsOL-ZG1MyY7p24zBLSaG-RWpCWK9aNS7p7zEnEeuLws3,,HSBC Premier Mastercard Credit Card,,
Federal Bank,"7.5% Instant Discount up to Rs. 2500/- on Credit Cards EMI transactions

5% Instant Discount up to Rs. 2000/- on Credit Card Full Swipe transactions

5% Instant Discount up to Rs. 1500/- on Debit Card Full Swipe transactions

Minimum transaction value: Rs. 15000 for www.croma.com



Offer Days: Offer will be valid every week on Saturday and Sunday (excluding Tactical Campaign days)



Velocity: Applicable once per card per month during offer period

",https://www.croma.com/lp-more-for-your-moneysrsltid=AfmBOor8rFxVsOL-ZG1MyY7p24zBLSaG-RWpCWK9aNS7p7zEnEeuLws3,,Federal Bank Mastercard Signet Federal Bank Rupay Signet Credit Card Federal Bank Visa Celesta Federal Bank Visa Imperio Federal Bank Rupay Wave Credit Card Fed Starbiz Rupay Credit Card,,
IDFC Offer,"Offer: Get 75% Instant Discount up to Rs. 7500 on Croma.com with your IDFC FIRST Bank Credit Card



Offer Duration: 01st Jan26 to 31st Mar26



Offer Details:

1. EMI Offer:

Cardholder will be eligible for 7.5% instant discount up to Rs. 7500 on electronics purchased on com through the EMI option using IDFC FIRST Bank Credit Cards
Minimum transaction value to avail the offer is Rs 5000
EMI offer is applicable only on above Campaign dates


2. Full Swipe Offer:

Get a 5% instant discount up to Rs. 2500 on credit card full swipe transactions (Non-EMI)
Minimum transaction value to avail the offer is Rs 10000
Full Swipe(Non-EMI) offer is applicable only above Campaign dates
Offer is applicable once per card per product/ each instrument during the offer period
Avail this offer on Croma.com
",https://www.croma.com/lp-more-for-your-moneysrsltid=AfmBOor8rFxVsOL-ZG1MyY7p24zBLSaG-RWpCWK9aNS7p7zEnEeuLws3,,IDFC First Power+ Credit Card,,
IDFC Offer,"Offer: Get 75% Instant Discount up to Rs. 7500 on Croma.com with your IDFC FIRST Bank Credit Card



Offer Duration: 01st Jan26 to 31st Mar26



Offer Details:

1. EMI Offer:

Cardholder will be eligible for 7.5% instant discount up to Rs. 7500 on electronics purchased on com through the EMI option using IDFC FIRST Bank Credit Cards
Minimum transaction value to avail the offer is Rs 5000
EMI offer is applicable only on above Campaign dates


2. Full Swipe Offer:

Get a 5% instant discount up to Rs. 2500 on credit card full swipe transactions (Non-EMI)
Minimum transaction value to avail the offer is Rs 10000
Full Swipe(Non-EMI) offer is applicable only above Campaign dates
Offer is applicable once per card per product/ each instrument during the offer period
Avail this offer on Croma.com
",https://www.croma.com/lp-more-for-your-moneysrsltid=AfmBOor8rFxVsOL-ZG1MyY7p24zBLSaG-RWpCWK9aNS7p7zEnEeuLws3,,IndiGo IDFC FIRST Credit Card,,
IDFC Offer,"Offer: Get 75% Instant Discount up to Rs. 7500 on Croma.com with your IDFC FIRST Bank Credit Card



Offer Duration: 01st Jan26 to 31st Mar26



Offer Details:

1. EMI Offer:

Cardholder will be eligible for 7.5% instant discount up to Rs. 7500 on electronics purchased on com through the EMI option using IDFC FIRST Bank Credit Cards
Minimum transaction value to avail the offer is Rs 5000
EMI offer is applicable only on above Campaign dates


2. Full Swipe Offer:

Get a 5% instant discount up to Rs. 2500 on credit card full swipe transactions (Non-EMI)
Minimum transaction value to avail the offer is Rs 10000
Full Swipe(Non-EMI) offer is applicable only above Campaign dates
Offer is applicable once per card per product/ each instrument during the offer period
Avail this offer on Croma.com
",https://www.croma.com/lp-more-for-your-moneysrsltid=AfmBOor8rFxVsOL-ZG1MyY7p24zBLSaG-RWpCWK9aNS7p7zEnEeuLws3,,IDFC First Power Credit Card,,
IDFC Offer,"Offer: Get 75% Instant Discount up to Rs. 7500 on Croma.com with your IDFC FIRST Bank Credit Card



Offer Duration: 01st Jan26 to 31st Mar26



Offer Details:

1. EMI Offer:

Cardholder will be eligible for 7.5% instant discount up to Rs. 7500 on electronics purchased on com through the EMI option using IDFC FIRST Bank Credit Cards
Minimum transaction value to avail the offer is Rs 5000
EMI offer is applicable only on above Campaign dates


2. Full Swipe Offer:

Get a 5% instant discount up to Rs. 2500 on credit card full swipe transactions (Non-EMI)
Minimum transaction value to avail the offer is Rs 10000
Full Swipe(Non-EMI) offer is applicable only above Campaign dates
Offer is applicable once per card per product/ each instrument during the offer period
Avail this offer on Croma.com
",https://www.croma.com/lp-more-for-your-moneysrsltid=AfmBOor8rFxVsOL-ZG1MyY7p24zBLSaG-RWpCWK9aNS7p7zEnEeuLws3,,IDFC First SWYP Credit Card,,
IDFC Offer,"Offer: Get 75% Instant Discount up to Rs. 7500 on Croma.com with your IDFC FIRST Bank Credit Card



Offer Duration: 01st Jan26 to 31st Mar26



Offer Details:

1. EMI Offer:

Cardholder will be eligible for 7.5% instant discount up to Rs. 7500 on electronics purchased on com through the EMI option using IDFC FIRST Bank Credit Cards
Minimum transaction value to avail the offer is Rs 5000
EMI offer is applicable only on above Campaign dates


2. Full Swipe Offer:

Get a 5% instant discount up to Rs. 2500 on credit card full swipe transactions (Non-EMI)
Minimum transaction value to avail the offer is Rs 10000
Full Swipe(Non-EMI) offer is applicable only above Campaign dates
Offer is applicable once per card per product/ each instrument during the offer period
Avail this offer on Croma.com
",https://www.croma.com/lp-more-for-your-moneysrsltid=AfmBOor8rFxVsOL-ZG1MyY7p24zBLSaG-RWpCWK9aNS7p7zEnEeuLws3,,IDFC Bank First Millennia Credit Card,,
IDFC Offer,"Offer: Get 75% Instant Discount up to Rs. 7500 on Croma.com with your IDFC FIRST Bank Credit Card



Offer Duration: 01st Jan26 to 31st Mar26



Offer Details:

1. EMI Offer:

Cardholder will be eligible for 7.5% instant discount up to Rs. 7500 on electronics purchased on com through the EMI option using IDFC FIRST Bank Credit Cards
Minimum transaction value to avail the offer is Rs 5000
EMI offer is applicable only on above Campaign dates


2. Full Swipe Offer:

Get a 5% instant discount up to Rs. 2500 on credit card full swipe transactions (Non-EMI)
Minimum transaction value to avail the offer is Rs 10000
Full Swipe(Non-EMI) offer is applicable only above Campaign dates
Offer is applicable once per card per product/ each instrument during the offer period
Avail this offer on Croma.com
",https://www.croma.com/lp-more-for-your-moneysrsltid=AfmBOor8rFxVsOL-ZG1MyY7p24zBLSaG-RWpCWK9aNS7p7zEnEeuLws3,,IDFC First Classic Credit Card,,
IDFC Offer,"Offer: Get 75% Instant Discount up to Rs. 7500 on Croma.com with your IDFC FIRST Bank Credit Card



Offer Duration: 01st Jan26 to 31st Mar26



Offer Details:

1. EMI Offer:

Cardholder will be eligible for 7.5% instant discount up to Rs. 7500 on electronics purchased on com through the EMI option using IDFC FIRST Bank Credit Cards
Minimum transaction value to avail the offer is Rs 5000
EMI offer is applicable only on above Campaign dates


2. Full Swipe Offer:

Get a 5% instant discount up to Rs. 2500 on credit card full swipe transactions (Non-EMI)
Minimum transaction value to avail the offer is Rs 10000
Full Swipe(Non-EMI) offer is applicable only above Campaign dates
Offer is applicable once per card per product/ each instrument during the offer period
Avail this offer on Croma.com
",https://www.croma.com/lp-more-for-your-moneysrsltid=AfmBOor8rFxVsOL-ZG1MyY7p24zBLSaG-RWpCWK9aNS7p7zEnEeuLws3,,IDFC First Select Credit Card,,
IDFC Offer,"Offer: Get 75% Instant Discount up to Rs. 7500 on Croma.com with your IDFC FIRST Bank Credit Card



Offer Duration: 01st Jan26 to 31st Mar26



Offer Details:

1. EMI Offer:

Cardholder will be eligible for 7.5% instant discount up to Rs. 7500 on electronics purchased on com through the EMI option using IDFC FIRST Bank Credit Cards
Minimum transaction value to avail the offer is Rs 5000
EMI offer is applicable only on above Campaign dates


2. Full Swipe Offer:

Get a 5% instant discount up to Rs. 2500 on credit card full swipe transactions (Non-EMI)
Minimum transaction value to avail the offer is Rs 10000
Full Swipe(Non-EMI) offer is applicable only above Campaign dates
Offer is applicable once per card per product/ each instrument during the offer period
Avail this offer on Croma.com
",https://www.croma.com/lp-more-for-your-moneysrsltid=AfmBOor8rFxVsOL-ZG1MyY7p24zBLSaG-RWpCWK9aNS7p7zEnEeuLws3,,IDFC First Wealth Credit Card,,
IDFC Offer,"Offer: Get 75% Instant Discount up to Rs. 7500 on Croma.com with your IDFC FIRST Bank Credit Card



Offer Duration: 01st Jan26 to 31st Mar26



Offer Details:

1. EMI Offer:

Cardholder will be eligible for 7.5% instant discount up to Rs. 7500 on electronics purchased on com through the EMI option using IDFC FIRST Bank Credit Cards
Minimum transaction value to avail the offer is Rs 5000
EMI offer is applicable only on above Campaign dates


2. Full Swipe Offer:

Get a 5% instant discount up to Rs. 2500 on credit card full swipe transactions (Non-EMI)
Minimum transaction value to avail the offer is Rs 10000
Full Swipe(Non-EMI) offer is applicable only above Campaign dates
Offer is applicable once per card per product/ each instrument during the offer period
Avail this offer on Croma.com
",https://www.croma.com/lp-more-for-your-moneysrsltid=AfmBOor8rFxVsOL-ZG1MyY7p24zBLSaG-RWpCWK9aNS7p7zEnEeuLws3,,IDFC First Wow Credit Card,,
IDFC Offer,"Offer: Get 75% Instant Discount up to Rs. 7500 on Croma.com with your IDFC FIRST Bank Credit Card



Offer Duration: 01st Jan26 to 31st Mar26



Offer Details:

1. EMI Offer:

Cardholder will be eligible for 7.5% instant discount up to Rs. 7500 on electronics purchased on com through the EMI option using IDFC FIRST Bank Credit Cards
Minimum transaction value to avail the offer is Rs 5000
EMI offer is applicable only on above Campaign dates


2. Full Swipe Offer:

Get a 5% instant discount up to Rs. 2500 on credit card full swipe transactions (Non-EMI)
Minimum transaction value to avail the offer is Rs 10000
Full Swipe(Non-EMI) offer is applicable only above Campaign dates
Offer is applicable once per card per product/ each instrument during the offer period
Avail this offer on Croma.com
",https://www.croma.com/lp-more-for-your-moneysrsltid=AfmBOor8rFxVsOL-ZG1MyY7p24zBLSaG-RWpCWK9aNS7p7zEnEeuLws3,,IDFC First Earn RuPay Credit Card,,
IDFC Offer,"Offer: Get 75% Instant Discount up to Rs. 7500 on Croma.com with your IDFC FIRST Bank Credit Card



Offer Duration: 01st Jan26 to 31st Mar26



Offer Details:

1. EMI Offer:

Cardholder will be eligible for 7.5% instant discount up to Rs. 7500 on electronics purchased on com through the EMI option using IDFC FIRST Bank Credit Cards
Minimum transaction value to avail the offer is Rs 5000
EMI offer is applicable only on above Campaign dates


2. Full Swipe Offer:

Get a 5% instant discount up to Rs. 2500 on credit card full swipe transactions (Non-EMI)
Minimum transaction value to avail the offer is Rs 10000
Full Swipe(Non-EMI) offer is applicable only above Campaign dates
Offer is applicable once per card per product/ each instrument during the offer period
Avail this offer on Croma.com
",https://www.croma.com/lp-more-for-your-moneysrsltid=AfmBOor8rFxVsOL-ZG1MyY7p24zBLSaG-RWpCWK9aNS7p7zEnEeuLws3,,IDFC Mayura Credit Card,,
IDFC Offer,"Offer: Get 75% Instant Discount up to Rs. 7500 on Croma.com with your IDFC FIRST Bank Credit Card



Offer Duration: 01st Jan26 to 31st Mar26



Offer Details:

1. EMI Offer:

Cardholder will be eligible for 7.5% instant discount up to Rs. 7500 on electronics purchased on com through the EMI option using IDFC FIRST Bank Credit Cards
Minimum transaction value to avail the offer is Rs 5000
EMI offer is applicable only on above Campaign dates


2. Full Swipe Offer:

Get a 5% instant discount up to Rs. 2500 on credit card full swipe transactions (Non-EMI)
Minimum transaction value to avail the offer is Rs 10000
Full Swipe(Non-EMI) offer is applicable only above Campaign dates
Offer is applicable once per card per product/ each instrument during the offer period
Avail this offer on Croma.com
",https://www.croma.com/lp-more-for-your-moneysrsltid=AfmBOor8rFxVsOL-ZG1MyY7p24zBLSaG-RWpCWK9aNS7p7zEnEeuLws3,,IDFC First Ashva Credit Card,,
IDFC Offer,"Offer: Get 75% Instant Discount up to Rs. 7500 on Croma.com with your IDFC FIRST Bank Credit Card



Offer Duration: 01st Jan26 to 31st Mar26



Offer Details:

1. EMI Offer:

Cardholder will be eligible for 7.5% instant discount up to Rs. 7500 on electronics purchased on com through the EMI option using IDFC FIRST Bank Credit Cards
Minimum transaction value to avail the offer is Rs 5000
EMI offer is applicable only on above Campaign dates


2. Full Swipe Offer:

Get a 5% instant discount up to Rs. 2500 on credit card full swipe transactions (Non-EMI)
Minimum transaction value to avail the offer is Rs 10000
Full Swipe(Non-EMI) offer is applicable only above Campaign dates
Offer is applicable once per card per product/ each instrument during the offer period
Avail this offer on Croma.com
",https://www.croma.com/lp-more-for-your-moneysrsltid=AfmBOor8rFxVsOL-ZG1MyY7p24zBLSaG-RWpCWK9aNS7p7zEnEeuLws3,,IDFC First Private Credit Card,,
AU Bank,"Offer on AU Credit Card Non-EMI transactions:



Flat Rs 1000 discount on purchase of Rs 15000 & above

Flat Rs 2000 discount on purchase of Rs 50000 & above

Flat Rs 5000 discount on purchase of Rs 100000 & above

Flat Rs 10000 discount on purchase of Rs 200000 & above



Maximum Discount: Rs. 10000/-

Minimum Spends: Rs. 15000/-

Offer Validity: 01st Jan26 to 31st Mar26

Offer Days: Offer will be valid every week on Monday (excluding Tactical Campaign days)

Velocity: Applicable once per card per month during offer period

",https://www.croma.com/lp-more-for-your-moneysrsltid=AfmBOor8rFxVsOL-ZG1MyY7p24zBLSaG-RWpCWK9aNS7p7zEnEeuLws3,,AU Bank Zenith+ Credit Card,,
AU Bank,"Offer on AU Credit Card Non-EMI transactions:



Flat Rs 1000 discount on purchase of Rs 15000 & above

Flat Rs 2000 discount on purchase of Rs 50000 & above

Flat Rs 5000 discount on purchase of Rs 100000 & above

Flat Rs 10000 discount on purchase of Rs 200000 & above



Maximum Discount: Rs. 10000/-

Minimum Spends: Rs. 15000/-

Offer Validity: 01st Jan26 to 31st Mar26

Offer Days: Offer will be valid every week on Monday (excluding Tactical Campaign days)

Velocity: Applicable once per card per month during offer period

",https://www.croma.com/lp-more-for-your-moneysrsltid=AfmBOor8rFxVsOL-ZG1MyY7p24zBLSaG-RWpCWK9aNS7p7zEnEeuLws3,,AU Altura Credit Card,,
AU Bank,"Offer on AU Credit Card Non-EMI transactions:



Flat Rs 1000 discount on purchase of Rs 15000 & above

Flat Rs 2000 discount on purchase of Rs 50000 & above

Flat Rs 5000 discount on purchase of Rs 100000 & above

Flat Rs 10000 discount on purchase of Rs 200000 & above



Maximum Discount: Rs. 10000/-

Minimum Spends: Rs. 15000/-

Offer Validity: 01st Jan26 to 31st Mar26

Offer Days: Offer will be valid every week on Monday (excluding Tactical Campaign days)

Velocity: Applicable once per card per month during offer period

",https://www.croma.com/lp-more-for-your-moneysrsltid=AfmBOor8rFxVsOL-ZG1MyY7p24zBLSaG-RWpCWK9aNS7p7zEnEeuLws3,,AU Zenith Credit Card,,
AU Bank,"Offer on AU Credit Card Non-EMI transactions:



Flat Rs 1000 discount on purchase of Rs 15000 & above

Flat Rs 2000 discount on purchase of Rs 50000 & above

Flat Rs 5000 discount on purchase of Rs 100000 & above

Flat Rs 10000 discount on purchase of Rs 200000 & above



Maximum Discount: Rs. 10000/-

Minimum Spends: Rs. 15000/-

Offer Validity: 01st Jan26 to 31st Mar26

Offer Days: Offer will be valid every week on Monday (excluding Tactical Campaign days)

Velocity: Applicable once per card per month during offer period

",https://www.croma.com/lp-more-for-your-moneysrsltid=AfmBOor8rFxVsOL-ZG1MyY7p24zBLSaG-RWpCWK9aNS7p7zEnEeuLws3,,AU LIT Credit Card,,
AU Bank,"Offer on AU Credit Card Non-EMI transactions:



Flat Rs 1000 discount on purchase of Rs 15000 & above

Flat Rs 2000 discount on purchase of Rs 50000 & above

Flat Rs 5000 discount on purchase of Rs 100000 & above

Flat Rs 10000 discount on purchase of Rs 200000 & above



Maximum Discount: Rs. 10000/-

Minimum Spends: Rs. 15000/-

Offer Validity: 01st Jan26 to 31st Mar26

Offer Days: Offer will be valid every week on Monday (excluding Tactical Campaign days)

Velocity: Applicable once per card per month during offer period

",https://www.croma.com/lp-more-for-your-moneysrsltid=AfmBOor8rFxVsOL-ZG1MyY7p24zBLSaG-RWpCWK9aNS7p7zEnEeuLws3,,Ixigo AU Travel Credit Card,,
AU Bank,"Offer on AU Credit Card Non-EMI transactions:



Flat Rs 1000 discount on purchase of Rs 15000 & above

Flat Rs 2000 discount on purchase of Rs 50000 & above

Flat Rs 5000 discount on purchase of Rs 100000 & above

Flat Rs 10000 discount on purchase of Rs 200000 & above



Maximum Discount: Rs. 10000/-

Minimum Spends: Rs. 15000/-

Offer Validity: 01st Jan26 to 31st Mar26

Offer Days: Offer will be valid every week on Monday (excluding Tactical Campaign days)

Velocity: Applicable once per card per month during offer period

",https://www.croma.com/lp-more-for-your-moneysrsltid=AfmBOor8rFxVsOL-ZG1MyY7p24zBLSaG-RWpCWK9aNS7p7zEnEeuLws3,,AU Vetta Credit Card,,
AU Bank,"Offer on AU Credit Card Non-EMI transactions:



Flat Rs 1000 discount on purchase of Rs 15000 & above

Flat Rs 2000 discount on purchase of Rs 50000 & above

Flat Rs 5000 discount on purchase of Rs 100000 & above

Flat Rs 10000 discount on purchase of Rs 200000 & above



Maximum Discount: Rs. 10000/-

Minimum Spends: Rs. 15000/-

Offer Validity: 01st Jan26 to 31st Mar26

Offer Days: Offer will be valid every week on Monday (excluding Tactical Campaign days)

Velocity: Applicable once per card per month during offer period

",https://www.croma.com/lp-more-for-your-moneysrsltid=AfmBOor8rFxVsOL-ZG1MyY7p24zBLSaG-RWpCWK9aNS7p7zEnEeuLws3,,AU Bank InstaPay Credit Card,,
AU Bank,"Offer on AU Credit Card Non-EMI transactions:



Flat Rs 1000 discount on purchase of Rs 15000 & above

Flat Rs 2000 discount on purchase of Rs 50000 & above

Flat Rs 5000 discount on purchase of Rs 100000 & above

Flat Rs 10000 discount on purchase of Rs 200000 & above



Maximum Discount: Rs. 10000/-

Minimum Spends: Rs. 15000/-

Offer Validity: 01st Jan26 to 31st Mar26

Offer Days: Offer will be valid every week on Monday (excluding Tactical Campaign days)

Velocity: Applicable once per card per month during offer period

",https://www.croma.com/lp-more-for-your-moneysrsltid=AfmBOor8rFxVsOL-ZG1MyY7p24zBLSaG-RWpCWK9aNS7p7zEnEeuLws3,,AU Bank Altura Plus Credit Card,,
HDFC Offer,"Offer Construct:

7.5% Instant Discount Up to Rs. 3000 with HDFC Easy EMI on CC.

* Offer Period: Every Friday Saturday & Sunday starting 1th Jan 2026 till 31st Jan 2026.

* Minimum txn on https://www.croma.com : Rs. 10000/-

* Offer cannot be clubbed with Brand EMI offer or any other Offer

*Valid tenure - 6 months & Above

* Discount applicable once per Card per week.

* Offer applicable on Retail Credit Cards Business and select Corporate and Commercial Credit Cards.

",https://www.croma.com/lp-more-for-your-moneysrsltid=AfmBOor8rFxVsOL-ZG1MyY7p24zBLSaG-RWpCWK9aNS7p7zEnEeuLws3,,HDFC Pixel Play Credit Card,,
HDFC Offer,"Offer Construct:

7.5% Instant Discount Up to Rs. 3000 with HDFC Easy EMI on CC.

* Offer Period: Every Friday Saturday & Sunday starting 1th Jan 2026 till 31st Jan 2026.

* Minimum txn on https://www.croma.com : Rs. 10000/-

* Offer cannot be clubbed with Brand EMI offer or any other Offer

*Valid tenure - 6 months & Above

* Discount applicable once per Card per week.

* Offer applicable on Retail Credit Cards Business and select Corporate and Commercial Credit Cards.

",https://www.croma.com/lp-more-for-your-moneysrsltid=AfmBOor8rFxVsOL-ZG1MyY7p24zBLSaG-RWpCWK9aNS7p7zEnEeuLws3,,PhonePe HDFC Bank Ultimo Credit Card,,
HDFC Offer,"Offer Construct:

7.5% Instant Discount Up to Rs. 3000 with HDFC Easy EMI on CC.

* Offer Period: Every Friday Saturday & Sunday starting 1th Jan 2026 till 31st Jan 2026.

* Minimum txn on https://www.croma.com : Rs. 10000/-

* Offer cannot be clubbed with Brand EMI offer or any other Offer

*Valid tenure - 6 months & Above

* Discount applicable once per Card per week.

* Offer applicable on Retail Credit Cards Business and select Corporate and Commercial Credit Cards.

",https://www.croma.com/lp-more-for-your-moneysrsltid=AfmBOor8rFxVsOL-ZG1MyY7p24zBLSaG-RWpCWK9aNS7p7zEnEeuLws3,,HDFC Millennia Credit Card,,
HDFC Offer,"Offer Construct:

7.5% Instant Discount Up to Rs. 3000 with HDFC Easy EMI on CC.

* Offer Period: Every Friday Saturday & Sunday starting 1th Jan 2026 till 31st Jan 2026.

* Minimum txn on https://www.croma.com : Rs. 10000/-

* Offer cannot be clubbed with Brand EMI offer or any other Offer

*Valid tenure - 6 months & Above

* Discount applicable once per Card per week.

* Offer applicable on Retail Credit Cards Business and select Corporate and Commercial Credit Cards.

",https://www.croma.com/lp-more-for-your-moneysrsltid=AfmBOor8rFxVsOL-ZG1MyY7p24zBLSaG-RWpCWK9aNS7p7zEnEeuLws3,,Tata Neu Infinity HDFC Bank RuPay Credit Card,,
HDFC Offer,"Offer Construct:

7.5% Instant Discount Up to Rs. 3000 with HDFC Easy EMI on CC.

* Offer Period: Every Friday Saturday & Sunday starting 1th Jan 2026 till 31st Jan 2026.

* Minimum txn on https://www.croma.com : Rs. 10000/-

* Offer cannot be clubbed with Brand EMI offer or any other Offer

*Valid tenure - 6 months & Above

* Discount applicable once per Card per week.

* Offer applicable on Retail Credit Cards Business and select Corporate and Commercial Credit Cards.

",https://www.croma.com/lp-more-for-your-moneysrsltid=AfmBOor8rFxVsOL-ZG1MyY7p24zBLSaG-RWpCWK9aNS7p7zEnEeuLws3,,Tata Neu Infinity HDFC Bank Credit Card,,
HDFC Offer,"Offer Construct:

7.5% Instant Discount Up to Rs. 3000 with HDFC Easy EMI on CC.

* Offer Period: Every Friday Saturday & Sunday starting 1th Jan 2026 till 31st Jan 2026.

* Minimum txn on https://www.croma.com : Rs. 10000/-

* Offer cannot be clubbed with Brand EMI offer or any other Offer

*Valid tenure - 6 months & Above

* Discount applicable once per Card per week.

* Offer applicable on Retail Credit Cards Business and select Corporate and Commercial Credit Cards.

",https://www.croma.com/lp-more-for-your-moneysrsltid=AfmBOor8rFxVsOL-ZG1MyY7p24zBLSaG-RWpCWK9aNS7p7zEnEeuLws3,,Tata Neu Plus HDFC Bank Credit Card,,
HDFC Offer,"Offer Construct:

7.5% Instant Discount Up to Rs. 3000 with HDFC Easy EMI on CC.

* Offer Period: Every Friday Saturday & Sunday starting 1th Jan 2026 till 31st Jan 2026.

* Minimum txn on https://www.croma.com : Rs. 10000/-

* Offer cannot be clubbed with Brand EMI offer or any other Offer

*Valid tenure - 6 months & Above

* Discount applicable once per Card per week.

* Offer applicable on Retail Credit Cards Business and select Corporate and Commercial Credit Cards.

",https://www.croma.com/lp-more-for-your-moneysrsltid=AfmBOor8rFxVsOL-ZG1MyY7p24zBLSaG-RWpCWK9aNS7p7zEnEeuLws3,,Intermiles HDFC Bank Diners Club Credit Card,,
HDFC Offer,"Offer Construct:

7.5% Instant Discount Up to Rs. 3000 with HDFC Easy EMI on CC.

* Offer Period: Every Friday Saturday & Sunday starting 1th Jan 2026 till 31st Jan 2026.

* Minimum txn on https://www.croma.com : Rs. 10000/-

* Offer cannot be clubbed with Brand EMI offer or any other Offer

*Valid tenure - 6 months & Above

* Discount applicable once per Card per week.

* Offer applicable on Retail Credit Cards Business and select Corporate and Commercial Credit Cards.

",https://www.croma.com/lp-more-for-your-moneysrsltid=AfmBOor8rFxVsOL-ZG1MyY7p24zBLSaG-RWpCWK9aNS7p7zEnEeuLws3,,Shoppers Stop Black HDFC Bank Credit Card,,
HDFC Offer,"Offer Construct:

7.5% Instant Discount Up to Rs. 3000 with HDFC Easy EMI on CC.

* Offer Period: Every Friday Saturday & Sunday starting 1th Jan 2026 till 31st Jan 2026.

* Minimum txn on https://www.croma.com : Rs. 10000/-

* Offer cannot be clubbed with Brand EMI offer or any other Offer

*Valid tenure - 6 months & Above

* Discount applicable once per Card per week.

* Offer applicable on Retail Credit Cards Business and select Corporate and Commercial Credit Cards.

",https://www.croma.com/lp-more-for-your-moneysrsltid=AfmBOor8rFxVsOL-ZG1MyY7p24zBLSaG-RWpCWK9aNS7p7zEnEeuLws3,,Tata Neu Plus HDFC Bank RuPay Credit Card,,
HDFC Offer,"Offer Construct:

7.5% Instant Discount Up to Rs. 3000 with HDFC Easy EMI on CC.

* Offer Period: Every Friday Saturday & Sunday starting 1th Jan 2026 till 31st Jan 2026.

* Minimum txn on https://www.croma.com : Rs. 10000/-

* Offer cannot be clubbed with Brand EMI offer or any other Offer

*Valid tenure - 6 months & Above

* Discount applicable once per Card per week.

* Offer applicable on Retail Credit Cards Business and select Corporate and Commercial Credit Cards.

",https://www.croma.com/lp-more-for-your-moneysrsltid=AfmBOor8rFxVsOL-ZG1MyY7p24zBLSaG-RWpCWK9aNS7p7zEnEeuLws3,,HDFC Bank Freedom Credit Card,,
HDFC Offer,"Offer Construct:

7.5% Instant Discount Up to Rs. 3000 with HDFC Easy EMI on CC.

* Offer Period: Every Friday Saturday & Sunday starting 1th Jan 2026 till 31st Jan 2026.

* Minimum txn on https://www.croma.com : Rs. 10000/-

* Offer cannot be clubbed with Brand EMI offer or any other Offer

*Valid tenure - 6 months & Above

* Discount applicable once per Card per week.

* Offer applicable on Retail Credit Cards Business and select Corporate and Commercial Credit Cards.

",https://www.croma.com/lp-more-for-your-moneysrsltid=AfmBOor8rFxVsOL-ZG1MyY7p24zBLSaG-RWpCWK9aNS7p7zEnEeuLws3,,HDFC Bharat Credit Card,,
HDFC Offer,"Offer Construct:

7.5% Instant Discount Up to Rs. 3000 with HDFC Easy EMI on CC.

* Offer Period: Every Friday Saturday & Sunday starting 1th Jan 2026 till 31st Jan 2026.

* Minimum txn on https://www.croma.com : Rs. 10000/-

* Offer cannot be clubbed with Brand EMI offer or any other Offer

*Valid tenure - 6 months & Above

* Discount applicable once per Card per week.

* Offer applicable on Retail Credit Cards Business and select Corporate and Commercial Credit Cards.

",https://www.croma.com/lp-more-for-your-moneysrsltid=AfmBOor8rFxVsOL-ZG1MyY7p24zBLSaG-RWpCWK9aNS7p7zEnEeuLws3,,HDFC Biz Black Metal Edition Credit Card,,
HDFC Offer,"Offer Construct:

7.5% Instant Discount Up to Rs. 3000 with HDFC Easy EMI on CC.

* Offer Period: Every Friday Saturday & Sunday starting 1th Jan 2026 till 31st Jan 2026.

* Minimum txn on https://www.croma.com : Rs. 10000/-

* Offer cannot be clubbed with Brand EMI offer or any other Offer

*Valid tenure - 6 months & Above

* Discount applicable once per Card per week.

* Offer applicable on Retail Credit Cards Business and select Corporate and Commercial Credit Cards.

",https://www.croma.com/lp-more-for-your-moneysrsltid=AfmBOor8rFxVsOL-ZG1MyY7p24zBLSaG-RWpCWK9aNS7p7zEnEeuLws3,,PhonePe HDFC Bank Uno Credit Card,,
HDFC Offer,"Offer Construct:

7.5% Instant Discount Up to Rs. 3000 with HDFC Easy EMI on CC.

* Offer Period: Every Friday Saturday & Sunday starting 1th Jan 2026 till 31st Jan 2026.

* Minimum txn on https://www.croma.com : Rs. 10000/-

* Offer cannot be clubbed with Brand EMI offer or any other Offer

*Valid tenure - 6 months & Above

* Discount applicable once per Card per week.

* Offer applicable on Retail Credit Cards Business and select Corporate and Commercial Credit Cards.

",https://www.croma.com/lp-more-for-your-moneysrsltid=AfmBOor8rFxVsOL-ZG1MyY7p24zBLSaG-RWpCWK9aNS7p7zEnEeuLws3,,IndianOil HDFC Bank RuPay Credit Card,,
HDFC Offer,"Offer Construct:

7.5% Instant Discount Up to Rs. 3000 with HDFC Easy EMI on CC.

* Offer Period: Every Friday Saturday & Sunday starting 1th Jan 2026 till 31st Jan 2026.

* Minimum txn on https://www.croma.com : Rs. 10000/-

* Offer cannot be clubbed with Brand EMI offer or any other Offer

*Valid tenure - 6 months & Above

* Discount applicable once per Card per week.

* Offer applicable on Retail Credit Cards Business and select Corporate and Commercial Credit Cards.

",https://www.croma.com/lp-more-for-your-moneysrsltid=AfmBOor8rFxVsOL-ZG1MyY7p24zBLSaG-RWpCWK9aNS7p7zEnEeuLws3,,Indianoil HDFC Bank Credit Card,,
HDFC Offer,"Offer Construct:

7.5% Instant Discount Up to Rs. 3000 with HDFC Easy EMI on CC.

* Offer Period: Every Friday Saturday & Sunday starting 1th Jan 2026 till 31st Jan 2026.

* Minimum txn on https://www.croma.com : Rs. 10000/-

* Offer cannot be clubbed with Brand EMI offer or any other Offer

*Valid tenure - 6 months & Above

* Discount applicable once per Card per week.

* Offer applicable on Retail Credit Cards Business and select Corporate and Commercial Credit Cards.

",https://www.croma.com/lp-more-for-your-moneysrsltid=AfmBOor8rFxVsOL-ZG1MyY7p24zBLSaG-RWpCWK9aNS7p7zEnEeuLws3,,HDFC Regalia Gold Credit Card,,
HDFC Offer,"Offer Construct:

7.5% Instant Discount Up to Rs. 3000 with HDFC Easy EMI on CC.

* Offer Period: Every Friday Saturday & Sunday starting 1th Jan 2026 till 31st Jan 2026.

* Minimum txn on https://www.croma.com : Rs. 10000/-

* Offer cannot be clubbed with Brand EMI offer or any other Offer

*Valid tenure - 6 months & Above

* Discount applicable once per Card per week.

* Offer applicable on Retail Credit Cards Business and select Corporate and Commercial Credit Cards.

",https://www.croma.com/lp-more-for-your-moneysrsltid=AfmBOor8rFxVsOL-ZG1MyY7p24zBLSaG-RWpCWK9aNS7p7zEnEeuLws3,,HDFC Diners Club Black Credit Card,,
HDFC Offer,"Offer Construct:

7.5% Instant Discount Up to Rs. 3000 with HDFC Easy EMI on CC.

* Offer Period: Every Friday Saturday & Sunday starting 1th Jan 2026 till 31st Jan 2026.

* Minimum txn on https://www.croma.com : Rs. 10000/-

* Offer cannot be clubbed with Brand EMI offer or any other Offer

*Valid tenure - 6 months & Above

* Discount applicable once per Card per week.

* Offer applicable on Retail Credit Cards Business and select Corporate and Commercial Credit Cards.

",https://www.croma.com/lp-more-for-your-moneysrsltid=AfmBOor8rFxVsOL-ZG1MyY7p24zBLSaG-RWpCWK9aNS7p7zEnEeuLws3,,HDFC Bank Infinia Credit Card Metal Edition,,
HDFC Offer,"Offer Construct:

7.5% Instant Discount Up to Rs. 3000 with HDFC Easy EMI on CC.

* Offer Period: Every Friday Saturday & Sunday starting 1th Jan 2026 till 31st Jan 2026.

* Minimum txn on https://www.croma.com : Rs. 10000/-

* Offer cannot be clubbed with Brand EMI offer or any other Offer

*Valid tenure - 6 months & Above

* Discount applicable once per Card per week.

* Offer applicable on Retail Credit Cards Business and select Corporate and Commercial Credit Cards.

",https://www.croma.com/lp-more-for-your-moneysrsltid=AfmBOor8rFxVsOL-ZG1MyY7p24zBLSaG-RWpCWK9aNS7p7zEnEeuLws3,,Shoppers Stop HDFC Bank Credit Card,,
HDFC Offer,"Offer Construct:

7.5% Instant Discount Up to Rs. 3000 with HDFC Easy EMI on CC.

* Offer Period: Every Friday Saturday & Sunday starting 1th Jan 2026 till 31st Jan 2026.

* Minimum txn on https://www.croma.com : Rs. 10000/-

* Offer cannot be clubbed with Brand EMI offer or any other Offer

*Valid tenure - 6 months & Above

* Discount applicable once per Card per week.

* Offer applicable on Retail Credit Cards Business and select Corporate and Commercial Credit Cards.

",https://www.croma.com/lp-more-for-your-moneysrsltid=AfmBOor8rFxVsOL-ZG1MyY7p24zBLSaG-RWpCWK9aNS7p7zEnEeuLws3,,Marriott Bonvoy HDFC Bank Credit Card,,
HDFC Offer,"Offer Construct:

7.5% Instant Discount Up to Rs. 3000 with HDFC Easy EMI on CC.

* Offer Period: Every Friday Saturday & Sunday starting 1th Jan 2026 till 31st Jan 2026.

* Minimum txn on https://www.croma.com : Rs. 10000/-

* Offer cannot be clubbed with Brand EMI offer or any other Offer

*Valid tenure - 6 months & Above

* Discount applicable once per Card per week.

* Offer applicable on Retail Credit Cards Business and select Corporate and Commercial Credit Cards.

",https://www.croma.com/lp-more-for-your-moneysrsltid=AfmBOor8rFxVsOL-ZG1MyY7p24zBLSaG-RWpCWK9aNS7p7zEnEeuLws3,,6E Rewards XL IndiGo HDFC Bank Credit Card,,
HDFC Offer,"Offer Construct:

7.5% Instant Discount Up to Rs. 3000 with HDFC Easy EMI on CC.

* Offer Period: Every Friday Saturday & Sunday starting 1th Jan 2026 till 31st Jan 2026.

* Minimum txn on https://www.croma.com : Rs. 10000/-

* Offer cannot be clubbed with Brand EMI offer or any other Offer

*Valid tenure - 6 months & Above

* Discount applicable once per Card per week.

* Offer applicable on Retail Credit Cards Business and select Corporate and Commercial Credit Cards.

",https://www.croma.com/lp-more-for-your-moneysrsltid=AfmBOor8rFxVsOL-ZG1MyY7p24zBLSaG-RWpCWK9aNS7p7zEnEeuLws3,,6E Rewards Indigo HDFC Bank Credit Card,,
HDFC Offer,"Offer Construct:

7.5% Instant Discount Up to Rs. 3000 with HDFC Easy EMI on CC.

* Offer Period: Every Friday Saturday & Sunday starting 1th Jan 2026 till 31st Jan 2026.

* Minimum txn on https://www.croma.com : Rs. 10000/-

* Offer cannot be clubbed with Brand EMI offer or any other Offer

*Valid tenure - 6 months & Above

* Discount applicable once per Card per week.

* Offer applicable on Retail Credit Cards Business and select Corporate and Commercial Credit Cards.

",https://www.croma.com/lp-more-for-your-moneysrsltid=AfmBOor8rFxVsOL-ZG1MyY7p24zBLSaG-RWpCWK9aNS7p7zEnEeuLws3,,HDFC Bank MoneyBack Plus RuPay Credit Card,,
HDFC Offer,"Offer Construct:

7.5% Instant Discount Up to Rs. 3000 with HDFC Easy EMI on CC.

* Offer Period: Every Friday Saturday & Sunday starting 1th Jan 2026 till 31st Jan 2026.

* Minimum txn on https://www.croma.com : Rs. 10000/-

* Offer cannot be clubbed with Brand EMI offer or any other Offer

*Valid tenure - 6 months & Above

* Discount applicable once per Card per week.

* Offer applicable on Retail Credit Cards Business and select Corporate and Commercial Credit Cards.

",https://www.croma.com/lp-more-for-your-moneysrsltid=AfmBOor8rFxVsOL-ZG1MyY7p24zBLSaG-RWpCWK9aNS7p7zEnEeuLws3,,HDFC Bank Moneyback Plus Credit Card,,
HDFC Offer,"Offer Construct:

7.5% Instant Discount Up to Rs. 3000 with HDFC Easy EMI on CC.

* Offer Period: Every Friday Saturday & Sunday starting 1th Jan 2026 till 31st Jan 2026.

* Minimum txn on https://www.croma.com : Rs. 10000/-

* Offer cannot be clubbed with Brand EMI offer or any other Offer

*Valid tenure - 6 months & Above

* Discount applicable once per Card per week.

* Offer applicable on Retail Credit Cards Business and select Corporate and Commercial Credit Cards.

",https://www.croma.com/lp-more-for-your-moneysrsltid=AfmBOor8rFxVsOL-ZG1MyY7p24zBLSaG-RWpCWK9aNS7p7zEnEeuLws3,,Easy EMI Card,,
HDFC Offer,"Offer Construct:

7.5% Instant Discount Up to Rs. 3000 with HDFC Easy EMI on CC.

* Offer Period: Every Friday Saturday & Sunday starting 1th Jan 2026 till 31st Jan 2026.

* Minimum txn on https://www.croma.com : Rs. 10000/-

* Offer cannot be clubbed with Brand EMI offer or any other Offer

*Valid tenure - 6 months & Above

* Discount applicable once per Card per week.

* Offer applicable on Retail Credit Cards Business and select Corporate and Commercial Credit Cards.

",https://www.croma.com/lp-more-for-your-moneysrsltid=AfmBOor8rFxVsOL-ZG1MyY7p24zBLSaG-RWpCWK9aNS7p7zEnEeuLws3,,HDFC Bank Business Regalia First Credit Card,,
HDFC Offer,"Offer Construct:

7.5% Instant Discount Up to Rs. 3000 with HDFC Easy EMI on CC.

* Offer Period: Every Friday Saturday & Sunday starting 1th Jan 2026 till 31st Jan 2026.

* Minimum txn on https://www.croma.com : Rs. 10000/-

* Offer cannot be clubbed with Brand EMI offer or any other Offer

*Valid tenure - 6 months & Above

* Discount applicable once per Card per week.

* Offer applicable on Retail Credit Cards Business and select Corporate and Commercial Credit Cards.

",https://www.croma.com/lp-more-for-your-moneysrsltid=AfmBOor8rFxVsOL-ZG1MyY7p24zBLSaG-RWpCWK9aNS7p7zEnEeuLws3,,HDFC Pixel Go Credit Card,,
HDFC Offer,"Offer Construct:

7.5% Instant Discount Up to Rs. 3000 with HDFC Easy EMI on CC.

* Offer Period: Every Friday Saturday & Sunday starting 1th Jan 2026 till 31st Jan 2026.

* Minimum txn on https://www.croma.com : Rs. 10000/-

* Offer cannot be clubbed with Brand EMI offer or any other Offer

*Valid tenure - 6 months & Above

* Discount applicable once per Card per week.

* Offer applicable on Retail Credit Cards Business and select Corporate and Commercial Credit Cards.

",https://www.croma.com/lp-more-for-your-moneysrsltid=AfmBOor8rFxVsOL-ZG1MyY7p24zBLSaG-RWpCWK9aNS7p7zEnEeuLws3,,HDFC Pixel Go Rupay Credit Card,,
HDFC Offer,"Offer Construct:

7.5% Instant Discount Up to Rs. 3000 with HDFC Easy EMI on CC.

* Offer Period: Every Friday Saturday & Sunday starting 1th Jan 2026 till 31st Jan 2026.

* Minimum txn on https://www.croma.com : Rs. 10000/-

* Offer cannot be clubbed with Brand EMI offer or any other Offer

*Valid tenure - 6 months & Above

* Discount applicable once per Card per week.

* Offer applicable on Retail Credit Cards Business and select Corporate and Commercial Credit Cards.

",https://www.croma.com/lp-more-for-your-moneysrsltid=AfmBOor8rFxVsOL-ZG1MyY7p24zBLSaG-RWpCWK9aNS7p7zEnEeuLws3,,HDFC Bank Business Gold Credit Card,,
HDFC Offer,"Offer Construct:

7.5% Instant Discount Up to Rs. 3000 with HDFC Easy EMI on CC.

* Offer Period: Every Friday Saturday & Sunday starting 1th Jan 2026 till 31st Jan 2026.

* Minimum txn on https://www.croma.com : Rs. 10000/-

* Offer cannot be clubbed with Brand EMI offer or any other Offer

*Valid tenure - 6 months & Above

* Discount applicable once per Card per week.

* Offer applicable on Retail Credit Cards Business and select Corporate and Commercial Credit Cards.

",https://www.croma.com/lp-more-for-your-moneysrsltid=AfmBOor8rFxVsOL-ZG1MyY7p24zBLSaG-RWpCWK9aNS7p7zEnEeuLws3,,HDFC Bank Biz First Credit Card,,
HDFC Offer,"Offer Construct:

7.5% Instant Discount Up to Rs. 3000 with HDFC Easy EMI on CC.

* Offer Period: Every Friday Saturday & Sunday starting 1th Jan 2026 till 31st Jan 2026.

* Minimum txn on https://www.croma.com : Rs. 10000/-

* Offer cannot be clubbed with Brand EMI offer or any other Offer

*Valid tenure - 6 months & Above

* Discount applicable once per Card per week.

* Offer applicable on Retail Credit Cards Business and select Corporate and Commercial Credit Cards.

",https://www.croma.com/lp-more-for-your-moneysrsltid=AfmBOor8rFxVsOL-ZG1MyY7p24zBLSaG-RWpCWK9aNS7p7zEnEeuLws3,,HDFC Bank World Mastercard Credit Card,,
HDFC Offer,"Offer Construct:

7.5% Instant Discount Up to Rs. 3000 with HDFC Easy EMI on CC.

* Offer Period: Every Friday Saturday & Sunday starting 1th Jan 2026 till 31st Jan 2026.

* Minimum txn on https://www.croma.com : Rs. 10000/-

* Offer cannot be clubbed with Brand EMI offer or any other Offer

*Valid tenure - 6 months & Above

* Discount applicable once per Card per week.

* Offer applicable on Retail Credit Cards Business and select Corporate and Commercial Credit Cards.

",https://www.croma.com/lp-more-for-your-moneysrsltid=AfmBOor8rFxVsOL-ZG1MyY7p24zBLSaG-RWpCWK9aNS7p7zEnEeuLws3,,CSC Small Business MoneyBack Credit Card,,
HDFC Offer,"Offer Construct:

7.5% Instant Discount Up to Rs. 3000 with HDFC Easy EMI on CC.

* Offer Period: Every Friday Saturday & Sunday starting 1th Jan 2026 till 31st Jan 2026.

* Minimum txn on https://www.croma.com : Rs. 10000/-

* Offer cannot be clubbed with Brand EMI offer or any other Offer

*Valid tenure - 6 months & Above

* Discount applicable once per Card per week.

* Offer applicable on Retail Credit Cards Business and select Corporate and Commercial Credit Cards.

",https://www.croma.com/lp-more-for-your-moneysrsltid=AfmBOor8rFxVsOL-ZG1MyY7p24zBLSaG-RWpCWK9aNS7p7zEnEeuLws3,,HDFC Bank Titanium Times Card,,
HDFC Offer,"Offer Construct:

7.5% Instant Discount Up to Rs. 3000 with HDFC Easy EMI on CC.

* Offer Period: Every Friday Saturday & Sunday starting 1th Jan 2026 till 31st Jan 2026.

* Minimum txn on https://www.croma.com : Rs. 10000/-

* Offer cannot be clubbed with Brand EMI offer or any other Offer

*Valid tenure - 6 months & Above

* Discount applicable once per Card per week.

* Offer applicable on Retail Credit Cards Business and select Corporate and Commercial Credit Cards.

",https://www.croma.com/lp-more-for-your-moneysrsltid=AfmBOor8rFxVsOL-ZG1MyY7p24zBLSaG-RWpCWK9aNS7p7zEnEeuLws3,,HDFC Bank Platinum Times Credit Card,,
HDFC Offer,"Offer Construct:

7.5% Instant Discount Up to Rs. 3000 with HDFC Easy EMI on CC.

* Offer Period: Every Friday Saturday & Sunday starting 1th Jan 2026 till 31st Jan 2026.

* Minimum txn on https://www.croma.com : Rs. 10000/-

* Offer cannot be clubbed with Brand EMI offer or any other Offer

*Valid tenure - 6 months & Above

* Discount applicable once per Card per week.

* Offer applicable on Retail Credit Cards Business and select Corporate and Commercial Credit Cards.

",https://www.croma.com/lp-more-for-your-moneysrsltid=AfmBOor8rFxVsOL-ZG1MyY7p24zBLSaG-RWpCWK9aNS7p7zEnEeuLws3,,HDFC Bank Biz Grow Credit Card,,
HDFC Offer,"Offer Construct:

7.5% Instant Discount Up to Rs. 3000 with HDFC Easy EMI on CC.

* Offer Period: Every Friday Saturday & Sunday starting 1th Jan 2026 till 31st Jan 2026.

* Minimum txn on https://www.croma.com : Rs. 10000/-

* Offer cannot be clubbed with Brand EMI offer or any other Offer

*Valid tenure - 6 months & Above

* Discount applicable once per Card per week.

* Offer applicable on Retail Credit Cards Business and select Corporate and Commercial Credit Cards.

",https://www.croma.com/lp-more-for-your-moneysrsltid=AfmBOor8rFxVsOL-ZG1MyY7p24zBLSaG-RWpCWK9aNS7p7zEnEeuLws3,,HDFC All Miles Credit Card,,
HDFC Offer,"Offer Construct:

7.5% Instant Discount Up to Rs. 3000 with HDFC Easy EMI on CC.

* Offer Period: Every Friday Saturday & Sunday starting 1th Jan 2026 till 31st Jan 2026.

* Minimum txn on https://www.croma.com : Rs. 10000/-

* Offer cannot be clubbed with Brand EMI offer or any other Offer

*Valid tenure - 6 months & Above

* Discount applicable once per Card per week.

* Offer applicable on Retail Credit Cards Business and select Corporate and Commercial Credit Cards.

",https://www.croma.com/lp-more-for-your-moneysrsltid=AfmBOor8rFxVsOL-ZG1MyY7p24zBLSaG-RWpCWK9aNS7p7zEnEeuLws3,,HDFC Moneyback Credit Card,,
HDFC Offer,"Offer Construct:

7.5% Instant Discount Up to Rs. 3000 with HDFC Easy EMI on CC.

* Offer Period: Every Friday Saturday & Sunday starting 1th Jan 2026 till 31st Jan 2026.

* Minimum txn on https://www.croma.com : Rs. 10000/-

* Offer cannot be clubbed with Brand EMI offer or any other Offer

*Valid tenure - 6 months & Above

* Discount applicable once per Card per week.

* Offer applicable on Retail Credit Cards Business and select Corporate and Commercial Credit Cards.

",https://www.croma.com/lp-more-for-your-moneysrsltid=AfmBOor8rFxVsOL-ZG1MyY7p24zBLSaG-RWpCWK9aNS7p7zEnEeuLws3,,HDFC Bank Biz Grow Credit Card,,
HDFC Offer,"Offer Construct:

7.5% Instant Discount Up to Rs. 3000 with HDFC Easy EMI on CC.

* Offer Period: Every Friday Saturday & Sunday starting 1th Jan 2026 till 31st Jan 2026.

* Minimum txn on https://www.croma.com : Rs. 10000/-

* Offer cannot be clubbed with Brand EMI offer or any other Offer

*Valid tenure - 6 months & Above

* Discount applicable once per Card per week.

* Offer applicable on Retail Credit Cards Business and select Corporate and Commercial Credit Cards.

",https://www.croma.com/lp-more-for-your-moneysrsltid=AfmBOor8rFxVsOL-ZG1MyY7p24zBLSaG-RWpCWK9aNS7p7zEnEeuLws3,,HDFC Bank UPI RuPay Biz Credit Card,,
HDFC Offer,"Offer Construct:

7.5% Instant Discount Up to Rs. 3000 with HDFC Easy EMI on CC.

* Offer Period: Every Friday Saturday & Sunday starting 1th Jan 2026 till 31st Jan 2026.

* Minimum txn on https://www.croma.com : Rs. 10000/-

* Offer cannot be clubbed with Brand EMI offer or any other Offer

*Valid tenure - 6 months & Above

* Discount applicable once per Card per week.

* Offer applicable on Retail Credit Cards Business and select Corporate and Commercial Credit Cards.

",https://www.croma.com/lp-more-for-your-moneysrsltid=AfmBOor8rFxVsOL-ZG1MyY7p24zBLSaG-RWpCWK9aNS7p7zEnEeuLws3,,HDFC Bank UPI RuPay Credit Card,,
HDFC Offer,"Offer Construct:

7.5% Instant Discount Up to Rs. 3000 with HDFC Easy EMI on CC.

* Offer Period: Every Friday Saturday & Sunday starting 1th Jan 2026 till 31st Jan 2026.

* Minimum txn on https://www.croma.com : Rs. 10000/-

* Offer cannot be clubbed with Brand EMI offer or any other Offer

*Valid tenure - 6 months & Above

* Discount applicable once per Card per week.

* Offer applicable on Retail Credit Cards Business and select Corporate and Commercial Credit Cards.

",https://www.croma.com/lp-more-for-your-moneysrsltid=AfmBOor8rFxVsOL-ZG1MyY7p24zBLSaG-RWpCWK9aNS7p7zEnEeuLws3,,HDFC Bank Biz Power Credit Card,,
HDFC Offer,"Offer Construct:

7.5% Instant Discount Up to Rs. 3000 with HDFC Easy EMI on CC.

* Offer Period: Every Friday Saturday & Sunday starting 1th Jan 2026 till 31st Jan 2026.

* Minimum txn on https://www.croma.com : Rs. 10000/-

* Offer cannot be clubbed with Brand EMI offer or any other Offer

*Valid tenure - 6 months & Above

* Discount applicable once per Card per week.

* Offer applicable on Retail Credit Cards Business and select Corporate and Commercial Credit Cards.

",https://www.croma.com/lp-more-for-your-moneysrsltid=AfmBOor8rFxVsOL-ZG1MyY7p24zBLSaG-RWpCWK9aNS7p7zEnEeuLws3,,HDFC Bank Biz Power Visa Credit Card,,
HDFC Offer,"Offer Construct:

7.5% Instant Discount Up to Rs. 3000 with HDFC Easy EMI on CC.

* Offer Period: Every Friday Saturday & Sunday starting 1th Jan 2026 till 31st Jan 2026.

* Minimum txn on https://www.croma.com : Rs. 10000/-

* Offer cannot be clubbed with Brand EMI offer or any other Offer

*Valid tenure - 6 months & Above

* Discount applicable once per Card per week.

* Offer applicable on Retail Credit Cards Business and select Corporate and Commercial Credit Cards.

",https://www.croma.com/lp-more-for-your-moneysrsltid=AfmBOor8rFxVsOL-ZG1MyY7p24zBLSaG-RWpCWK9aNS7p7zEnEeuLws3,,HDFC Diners Club Privilege Credit Card,,
Bobcard Offer,"Offer Details:

This marketing program (Program) is from BOBCARD under an arrangement with Infiniti Retail Ltd. (Merchant) and is open to all residents of India holding a valid and current BOBCARD Credit Card (Cardholder)
The Validity of the Program (Term) is for 1st Jan 26 to 31st Mar26 unless extended by the Parties and Merchant.


Offer Period: 1st Jan 26 to 31st Mar26.

Proposed Offer Construct for Online (https://www.croma.com):

A) For Full Swipe: 10% instant discount up to Rs 1500 on min purchase of Rs. 10000/-

For EMI: 10% instant discount up to Rs. 2000 on min purchase of Rs. 10000/- (for EMI all tenures)

Minimum Transaction Value: Rs. 10000/-



B) For Full Swipe: Flat Rs 2500 instant discount on min purchase of Rs. 50000/- and above

For EMI: Flat Rs. 3000 instant discount on min purchase of Rs. 50000/- (for EMI all tenures)

Minimum Transaction Value: Rs. 50000/-

",https://www.croma.com/lp-more-for-your-moneysrsltid=AfmBOor8rFxVsOL-ZG1MyY7p24zBLSaG-RWpCWK9aNS7p7zEnEeuLws3,,HPCL BoB ENERGIE,,
Bobcard Offer,"Offer Details:

This marketing program (Program) is from BOBCARD under an arrangement with Infiniti Retail Ltd. (Merchant) and is open to all residents of India holding a valid and current BOBCARD Credit Card (Cardholder)
The Validity of the Program (Term) is for 1st Jan 26 to 31st Mar26 unless extended by the Parties and Merchant.


Offer Period: 1st Jan 26 to 31st Mar26.

Proposed Offer Construct for Online (https://www.croma.com):

A) For Full Swipe: 10% instant discount up to Rs 1500 on min purchase of Rs. 10000/-

For EMI: 10% instant discount up to Rs. 2000 on min purchase of Rs. 10000/- (for EMI all tenures)

Minimum Transaction Value: Rs. 10000/-



B) For Full Swipe: Flat Rs 2500 instant discount on min purchase of Rs. 50000/- and above

For EMI: Flat Rs. 3000 instant discount on min purchase of Rs. 50000/- (for EMI all tenures)

Minimum Transaction Value: Rs. 50000/-

",https://www.croma.com/lp-more-for-your-moneysrsltid=AfmBOor8rFxVsOL-ZG1MyY7p24zBLSaG-RWpCWK9aNS7p7zEnEeuLws3,,IRCTC Bobcard,,
Bobcard Offer,"Offer Details:

This marketing program (Program) is from BOBCARD under an arrangement with Infiniti Retail Ltd. (Merchant) and is open to all residents of India holding a valid and current BOBCARD Credit Card (Cardholder)
The Validity of the Program (Term) is for 1st Jan 26 to 31st Mar26 unless extended by the Parties and Merchant.


Offer Period: 1st Jan 26 to 31st Mar26.

Proposed Offer Construct for Online (https://www.croma.com):

A) For Full Swipe: 10% instant discount up to Rs 1500 on min purchase of Rs. 10000/-

For EMI: 10% instant discount up to Rs. 2000 on min purchase of Rs. 10000/- (for EMI all tenures)

Minimum Transaction Value: Rs. 10000/-



B) For Full Swipe: Flat Rs 2500 instant discount on min purchase of Rs. 50000/- and above

For EMI: Flat Rs. 3000 instant discount on min purchase of Rs. 50000/- (for EMI all tenures)

Minimum Transaction Value: Rs. 50000/-

",https://www.croma.com/lp-more-for-your-moneysrsltid=AfmBOor8rFxVsOL-ZG1MyY7p24zBLSaG-RWpCWK9aNS7p7zEnEeuLws3,,BOB Assure Credit Card,,
Bobcard Offer,"Offer Details:

This marketing program (Program) is from BOBCARD under an arrangement with Infiniti Retail Ltd. (Merchant) and is open to all residents of India holding a valid and current BOBCARD Credit Card (Cardholder)
The Validity of the Program (Term) is for 1st Jan 26 to 31st Mar26 unless extended by the Parties and Merchant.


Offer Period: 1st Jan 26 to 31st Mar26.

Proposed Offer Construct for Online (https://www.croma.com):

A) For Full Swipe: 10% instant discount up to Rs 1500 on min purchase of Rs. 10000/-

For EMI: 10% instant discount up to Rs. 2000 on min purchase of Rs. 10000/- (for EMI all tenures)

Minimum Transaction Value: Rs. 10000/-



B) For Full Swipe: Flat Rs 2500 instant discount on min purchase of Rs. 50000/- and above

For EMI: Flat Rs. 3000 instant discount on min purchase of Rs. 50000/- (for EMI all tenures)

Minimum Transaction Value: Rs. 50000/-

",https://www.croma.com/lp-more-for-your-moneysrsltid=AfmBOor8rFxVsOL-ZG1MyY7p24zBLSaG-RWpCWK9aNS7p7zEnEeuLws3,,Snapdeal Bobcard,,
Bobcard Offer,"Offer Details:

This marketing program (Program) is from BOBCARD under an arrangement with Infiniti Retail Ltd. (Merchant) and is open to all residents of India holding a valid and current BOBCARD Credit Card (Cardholder)
The Validity of the Program (Term) is for 1st Jan 26 to 31st Mar26 unless extended by the Parties and Merchant.


Offer Period: 1st Jan 26 to 31st Mar26.

Proposed Offer Construct for Online (https://www.croma.com):

A) For Full Swipe: 10% instant discount up to Rs 1500 on min purchase of Rs. 10000/-

For EMI: 10% instant discount up to Rs. 2000 on min purchase of Rs. 10000/- (for EMI all tenures)

Minimum Transaction Value: Rs. 10000/-



B) For Full Swipe: Flat Rs 2500 instant discount on min purchase of Rs. 50000/- and above

For EMI: Flat Rs. 3000 instant discount on min purchase of Rs. 50000/- (for EMI all tenures)

Minimum Transaction Value: Rs. 50000/-

",https://www.croma.com/lp-more-for-your-moneysrsltid=AfmBOor8rFxVsOL-ZG1MyY7p24zBLSaG-RWpCWK9aNS7p7zEnEeuLws3,,Bobcard Cashback Credit Card,,
Bobcard Offer,"Offer Details:

This marketing program (Program) is from BOBCARD under an arrangement with Infiniti Retail Ltd. (Merchant) and is open to all residents of India holding a valid and current BOBCARD Credit Card (Cardholder)
The Validity of the Program (Term) is for 1st Jan 26 to 31st Mar26 unless extended by the Parties and Merchant.


Offer Period: 1st Jan 26 to 31st Mar26.

Proposed Offer Construct for Online (https://www.croma.com):

A) For Full Swipe: 10% instant discount up to Rs 1500 on min purchase of Rs. 10000/-

For EMI: 10% instant discount up to Rs. 2000 on min purchase of Rs. 10000/- (for EMI all tenures)

Minimum Transaction Value: Rs. 10000/-



B) For Full Swipe: Flat Rs 2500 instant discount on min purchase of Rs. 50000/- and above

For EMI: Flat Rs. 3000 instant discount on min purchase of Rs. 50000/- (for EMI all tenures)

Minimum Transaction Value: Rs. 50000/-

",https://www.croma.com/lp-more-for-your-moneysrsltid=AfmBOor8rFxVsOL-ZG1MyY7p24zBLSaG-RWpCWK9aNS7p7zEnEeuLws3,,Bank of Baroda ETERNA Credit card,,
Bobcard Offer,"Offer Details:

This marketing program (Program) is from BOBCARD under an arrangement with Infiniti Retail Ltd. (Merchant) and is open to all residents of India holding a valid and current BOBCARD Credit Card (Cardholder)
The Validity of the Program (Term) is for 1st Jan 26 to 31st Mar26 unless extended by the Parties and Merchant.


Offer Period: 1st Jan 26 to 31st Mar26.

Proposed Offer Construct for Online (https://www.croma.com):

A) For Full Swipe: 10% instant discount up to Rs 1500 on min purchase of Rs. 10000/-

For EMI: 10% instant discount up to Rs. 2000 on min purchase of Rs. 10000/- (for EMI all tenures)

Minimum Transaction Value: Rs. 10000/-



B) For Full Swipe: Flat Rs 2500 instant discount on min purchase of Rs. 50000/- and above

For EMI: Flat Rs. 3000 instant discount on min purchase of Rs. 50000/- (for EMI all tenures)

Minimum Transaction Value: Rs. 50000/-

",https://www.croma.com/lp-more-for-your-moneysrsltid=AfmBOor8rFxVsOL-ZG1MyY7p24zBLSaG-RWpCWK9aNS7p7zEnEeuLws3,,Bank of Baroda Premier Credit Card,,
Bobcard Offer,"Offer Details:

This marketing program (Program) is from BOBCARD under an arrangement with Infiniti Retail Ltd. (Merchant) and is open to all residents of India holding a valid and current BOBCARD Credit Card (Cardholder)
The Validity of the Program (Term) is for 1st Jan 26 to 31st Mar26 unless extended by the Parties and Merchant.


Offer Period: 1st Jan 26 to 31st Mar26.

Proposed Offer Construct for Online (https://www.croma.com):

A) For Full Swipe: 10% instant discount up to Rs 1500 on min purchase of Rs. 10000/-

For EMI: 10% instant discount up to Rs. 2000 on min purchase of Rs. 10000/- (for EMI all tenures)

Minimum Transaction Value: Rs. 10000/-



B) For Full Swipe: Flat Rs 2500 instant discount on min purchase of Rs. 50000/- and above

For EMI: Flat Rs. 3000 instant discount on min purchase of Rs. 50000/- (for EMI all tenures)

Minimum Transaction Value: Rs. 50000/-

",https://www.croma.com/lp-more-for-your-moneysrsltid=AfmBOor8rFxVsOL-ZG1MyY7p24zBLSaG-RWpCWK9aNS7p7zEnEeuLws3,,Bank of Baroda EASY Credit Card,,
Bobcard Offer,"Offer Details:

This marketing program (Program) is from BOBCARD under an arrangement with Infiniti Retail Ltd. (Merchant) and is open to all residents of India holding a valid and current BOBCARD Credit Card (Cardholder)
The Validity of the Program (Term) is for 1st Jan 26 to 31st Mar26 unless extended by the Parties and Merchant.


Offer Period: 1st Jan 26 to 31st Mar26.

Proposed Offer Construct for Online (https://www.croma.com):

A) For Full Swipe: 10% instant discount up to Rs 1500 on min purchase of Rs. 10000/-

For EMI: 10% instant discount up to Rs. 2000 on min purchase of Rs. 10000/- (for EMI all tenures)

Minimum Transaction Value: Rs. 10000/-



B) For Full Swipe: Flat Rs 2500 instant discount on min purchase of Rs. 50000/- and above

For EMI: Flat Rs. 3000 instant discount on min purchase of Rs. 50000/- (for EMI all tenures)

Minimum Transaction Value: Rs. 50000/-

",https://www.croma.com/lp-more-for-your-moneysrsltid=AfmBOor8rFxVsOL-ZG1MyY7p24zBLSaG-RWpCWK9aNS7p7zEnEeuLws3,,Bobcard Select,,
Bobcard Offer,"Offer Details:

This marketing program (Program) is from BOBCARD under an arrangement with Infiniti Retail Ltd. (Merchant) and is open to all residents of India holding a valid and current BOBCARD Credit Card (Cardholder)
The Validity of the Program (Term) is for 1st Jan 26 to 31st Mar26 unless extended by the Parties and Merchant.


Offer Period: 1st Jan 26 to 31st Mar26.

Proposed Offer Construct for Online (https://www.croma.com):

A) For Full Swipe: 10% instant discount up to Rs 1500 on min purchase of Rs. 10000/-

For EMI: 10% instant discount up to Rs. 2000 on min purchase of Rs. 10000/- (for EMI all tenures)

Minimum Transaction Value: Rs. 10000/-



B) For Full Swipe: Flat Rs 2500 instant discount on min purchase of Rs. 50000/- and above

For EMI: Flat Rs. 3000 instant discount on min purchase of Rs. 50000/- (for EMI all tenures)

Minimum Transaction Value: Rs. 50000/-

",https://www.croma.com/lp-more-for-your-moneysrsltid=AfmBOor8rFxVsOL-ZG1MyY7p24zBLSaG-RWpCWK9aNS7p7zEnEeuLws3,,Prime Bobcard,,
Bobcard Offer,"Offer Details:

This marketing program (Program) is from BOBCARD under an arrangement with Infiniti Retail Ltd. (Merchant) and is open to all residents of India holding a valid and current BOBCARD Credit Card (Cardholder)
The Validity of the Program (Term) is for 1st Jan 26 to 31st Mar26 unless extended by the Parties and Merchant.


Offer Period: 1st Jan 26 to 31st Mar26.

Proposed Offer Construct for Online (https://www.croma.com):

A) For Full Swipe: 10% instant discount up to Rs 1500 on min purchase of Rs. 10000/-

For EMI: 10% instant discount up to Rs. 2000 on min purchase of Rs. 10000/- (for EMI all tenures)

Minimum Transaction Value: Rs. 10000/-



B) For Full Swipe: Flat Rs 2500 instant discount on min purchase of Rs. 50000/- and above

For EMI: Flat Rs. 3000 instant discount on min purchase of Rs. 50000/- (for EMI all tenures)

Minimum Transaction Value: Rs. 50000/-

",https://www.croma.com/lp-more-for-your-moneysrsltid=AfmBOor8rFxVsOL-ZG1MyY7p24zBLSaG-RWpCWK9aNS7p7zEnEeuLws3,,CMA One Bobcard,,
Bobcard Offer,"Offer Details:

This marketing program (Program) is from BOBCARD under an arrangement with Infiniti Retail Ltd. (Merchant) and is open to all residents of India holding a valid and current BOBCARD Credit Card (Cardholder)
The Validity of the Program (Term) is for 1st Jan 26 to 31st Mar26 unless extended by the Parties and Merchant.


Offer Period: 1st Jan 26 to 31st Mar26.

Proposed Offer Construct for Online (https://www.croma.com):

A) For Full Swipe: 10% instant discount up to Rs 1500 on min purchase of Rs. 10000/-

For EMI: 10% instant discount up to Rs. 2000 on min purchase of Rs. 10000/- (for EMI all tenures)

Minimum Transaction Value: Rs. 10000/-



B) For Full Swipe: Flat Rs 2500 instant discount on min purchase of Rs. 50000/- and above

For EMI: Flat Rs. 3000 instant discount on min purchase of Rs. 50000/- (for EMI all tenures)

Minimum Transaction Value: Rs. 50000/-

",https://www.croma.com/lp-more-for-your-moneysrsltid=AfmBOor8rFxVsOL-ZG1MyY7p24zBLSaG-RWpCWK9aNS7p7zEnEeuLws3,,Indian Navy Varunah Premium Bobcard,,
Bobcard Offer,"Offer Details:

This marketing program (Program) is from BOBCARD under an arrangement with Infiniti Retail Ltd. (Merchant) and is open to all residents of India holding a valid and current BOBCARD Credit Card (Cardholder)
The Validity of the Program (Term) is for 1st Jan 26 to 31st Mar26 unless extended by the Parties and Merchant.


Offer Period: 1st Jan 26 to 31st Mar26.

Proposed Offer Construct for Online (https://www.croma.com):

A) For Full Swipe: 10% instant discount up to Rs 1500 on min purchase of Rs. 10000/-

For EMI: 10% instant discount up to Rs. 2000 on min purchase of Rs. 10000/- (for EMI all tenures)

Minimum Transaction Value: Rs. 10000/-



B) For Full Swipe: Flat Rs 2500 instant discount on min purchase of Rs. 50000/- and above

For EMI: Flat Rs. 3000 instant discount on min purchase of Rs. 50000/- (for EMI all tenures)

Minimum Transaction Value: Rs. 50000/-

",https://www.croma.com/lp-more-for-your-moneysrsltid=AfmBOor8rFxVsOL-ZG1MyY7p24zBLSaG-RWpCWK9aNS7p7zEnEeuLws3,,Eterna Bobcard,,
Bobcard Offer,"Offer Details:

This marketing program (Program) is from BOBCARD under an arrangement with Infiniti Retail Ltd. (Merchant) and is open to all residents of India holding a valid and current BOBCARD Credit Card (Cardholder)
The Validity of the Program (Term) is for 1st Jan 26 to 31st Mar26 unless extended by the Parties and Merchant.


Offer Period: 1st Jan 26 to 31st Mar26.

Proposed Offer Construct for Online (https://www.croma.com):

A) For Full Swipe: 10% instant discount up to Rs 1500 on min purchase of Rs. 10000/-

For EMI: 10% instant discount up to Rs. 2000 on min purchase of Rs. 10000/- (for EMI all tenures)

Minimum Transaction Value: Rs. 10000/-



B) For Full Swipe: Flat Rs 2500 instant discount on min purchase of Rs. 50000/- and above

For EMI: Flat Rs. 3000 instant discount on min purchase of Rs. 50000/- (for EMI all tenures)

Minimum Transaction Value: Rs. 50000/-

",https://www.croma.com/lp-more-for-your-moneysrsltid=AfmBOor8rFxVsOL-ZG1MyY7p24zBLSaG-RWpCWK9aNS7p7zEnEeuLws3,,ICSI Diamond Bobcard,,
Bobcard Offer,"Offer Details:

This marketing program (Program) is from BOBCARD under an arrangement with Infiniti Retail Ltd. (Merchant) and is open to all residents of India holding a valid and current BOBCARD Credit Card (Cardholder)
The Validity of the Program (Term) is for 1st Jan 26 to 31st Mar26 unless extended by the Parties and Merchant.


Offer Period: 1st Jan 26 to 31st Mar26.

Proposed Offer Construct for Online (https://www.croma.com):

A) For Full Swipe: 10% instant discount up to Rs 1500 on min purchase of Rs. 10000/-

For EMI: 10% instant discount up to Rs. 2000 on min purchase of Rs. 10000/- (for EMI all tenures)

Minimum Transaction Value: Rs. 10000/-



B) For Full Swipe: Flat Rs 2500 instant discount on min purchase of Rs. 50000/- and above

For EMI: Flat Rs. 3000 instant discount on min purchase of Rs. 50000/- (for EMI all tenures)

Minimum Transaction Value: Rs. 50000/-

",https://www.croma.com/lp-more-for-your-moneysrsltid=AfmBOor8rFxVsOL-ZG1MyY7p24zBLSaG-RWpCWK9aNS7p7zEnEeuLws3,,Assam Rifles The Sentinel Bobcard,,
Bobcard Offer,"Offer Details:

This marketing program (Program) is from BOBCARD under an arrangement with Infiniti Retail Ltd. (Merchant) and is open to all residents of India holding a valid and current BOBCARD Credit Card (Cardholder)
The Validity of the Program (Term) is for 1st Jan 26 to 31st Mar26 unless extended by the Parties and Merchant.


Offer Period: 1st Jan 26 to 31st Mar26.

Proposed Offer Construct for Online (https://www.croma.com):

A) For Full Swipe: 10% instant discount up to Rs 1500 on min purchase of Rs. 10000/-

For EMI: 10% instant discount up to Rs. 2000 on min purchase of Rs. 10000/- (for EMI all tenures)

Minimum Transaction Value: Rs. 10000/-



B) For Full Swipe: Flat Rs 2500 instant discount on min purchase of Rs. 50000/- and above

For EMI: Flat Rs. 3000 instant discount on min purchase of Rs. 50000/- (for EMI all tenures)

Minimum Transaction Value: Rs. 50000/-

",https://www.croma.com/lp-more-for-your-moneysrsltid=AfmBOor8rFxVsOL-ZG1MyY7p24zBLSaG-RWpCWK9aNS7p7zEnEeuLws3,,ICAI Exclusive Bobcard,,
Bobcard Offer,"Offer Details:

This marketing program (Program) is from BOBCARD under an arrangement with Infiniti Retail Ltd. (Merchant) and is open to all residents of India holding a valid and current BOBCARD Credit Card (Cardholder)
The Validity of the Program (Term) is for 1st Jan 26 to 31st Mar26 unless extended by the Parties and Merchant.


Offer Period: 1st Jan 26 to 31st Mar26.

Proposed Offer Construct for Online (https://www.croma.com):

A) For Full Swipe: 10% instant discount up to Rs 1500 on min purchase of Rs. 10000/-

For EMI: 10% instant discount up to Rs. 2000 on min purchase of Rs. 10000/- (for EMI all tenures)

Minimum Transaction Value: Rs. 10000/-



B) For Full Swipe: Flat Rs 2500 instant discount on min purchase of Rs. 50000/- and above

For EMI: Flat Rs. 3000 instant discount on min purchase of Rs. 50000/- (for EMI all tenures)

Minimum Transaction Value: Rs. 50000/-

",https://www.croma.com/lp-more-for-your-moneysrsltid=AfmBOor8rFxVsOL-ZG1MyY7p24zBLSaG-RWpCWK9aNS7p7zEnEeuLws3,,Indian Army Yoddha Bobcard,,
Bobcard Offer,"Offer Details:

This marketing program (Program) is from BOBCARD under an arrangement with Infiniti Retail Ltd. (Merchant) and is open to all residents of India holding a valid and current BOBCARD Credit Card (Cardholder)
The Validity of the Program (Term) is for 1st Jan 26 to 31st Mar26 unless extended by the Parties and Merchant.


Offer Period: 1st Jan 26 to 31st Mar26.

Proposed Offer Construct for Online (https://www.croma.com):

A) For Full Swipe: 10% instant discount up to Rs 1500 on min purchase of Rs. 10000/-

For EMI: 10% instant discount up to Rs. 2000 on min purchase of Rs. 10000/- (for EMI all tenures)

Minimum Transaction Value: Rs. 10000/-



B) For Full Swipe: Flat Rs 2500 instant discount on min purchase of Rs. 50000/- and above

For EMI: Flat Rs. 3000 instant discount on min purchase of Rs. 50000/- (for EMI all tenures)

Minimum Transaction Value: Rs. 50000/-

",https://www.croma.com/lp-more-for-your-moneysrsltid=AfmBOor8rFxVsOL-ZG1MyY7p24zBLSaG-RWpCWK9aNS7p7zEnEeuLws3,,Swavlamban Bobcard,,
Bobcard Offer,"Offer Details:

This marketing program (Program) is from BOBCARD under an arrangement with Infiniti Retail Ltd. (Merchant) and is open to all residents of India holding a valid and current BOBCARD Credit Card (Cardholder)
The Validity of the Program (Term) is for 1st Jan 26 to 31st Mar26 unless extended by the Parties and Merchant.


Offer Period: 1st Jan 26 to 31st Mar26.

Proposed Offer Construct for Online (https://www.croma.com):

A) For Full Swipe: 10% instant discount up to Rs 1500 on min purchase of Rs. 10000/-

For EMI: 10% instant discount up to Rs. 2000 on min purchase of Rs. 10000/- (for EMI all tenures)

Minimum Transaction Value: Rs. 10000/-



B) For Full Swipe: Flat Rs 2500 instant discount on min purchase of Rs. 50000/- and above

For EMI: Flat Rs. 3000 instant discount on min purchase of Rs. 50000/- (for EMI all tenures)

Minimum Transaction Value: Rs. 50000/-

",https://www.croma.com/lp-more-for-your-moneysrsltid=AfmBOor8rFxVsOL-ZG1MyY7p24zBLSaG-RWpCWK9aNS7p7zEnEeuLws3,,Unnati Bobcard,,
Bobcard Offer,"Offer Details:

This marketing program (Program) is from BOBCARD under an arrangement with Infiniti Retail Ltd. (Merchant) and is open to all residents of India holding a valid and current BOBCARD Credit Card (Cardholder)
The Validity of the Program (Term) is for 1st Jan 26 to 31st Mar26 unless extended by the Parties and Merchant.


Offer Period: 1st Jan 26 to 31st Mar26.

Proposed Offer Construct for Online (https://www.croma.com):

A) For Full Swipe: 10% instant discount up to Rs 1500 on min purchase of Rs. 10000/-

For EMI: 10% instant discount up to Rs. 2000 on min purchase of Rs. 10000/- (for EMI all tenures)

Minimum Transaction Value: Rs. 10000/-



B) For Full Swipe: Flat Rs 2500 instant discount on min purchase of Rs. 50000/- and above

For EMI: Flat Rs. 3000 instant discount on min purchase of Rs. 50000/- (for EMI all tenures)

Minimum Transaction Value: Rs. 50000/-

",https://www.croma.com/lp-more-for-your-moneysrsltid=AfmBOor8rFxVsOL-ZG1MyY7p24zBLSaG-RWpCWK9aNS7p7zEnEeuLws3,,Indian Coast Guard Rakshamah Bank of Baroda,,
"Get assured 300 Cashback (up to 20%) on transaction value above Rs.19,999 via MobiKwik UPI only (@ikwik / @mbkns). Select offer under view all offer segment on payment page to avail the benefit. T&C Apply.","MobiKwik UPI Offer 

Offer Duration 



Offer valid till 31st March, 2026 



Offer Eligibility 



This offer is applicable when you Pay only on Croma.com & Tata Neu App on minimum transaction value of Rs 1999 & upto Rs 19,999 
Offer can be availed 1 time per user in a month. 
Offer is applicable on making payment on Croma using MobiKwik UPI only (@ikwik & @mbkns). 



Min Txn value 

Min Assured Cashback 

Rs 1999/- 

40/- 

Rs 9999/- 

150/- 

Rs 19999/- 

300/- 



Get upto Rs.500/- Cashback on transaction value of Rs.1999/- via MobiKwik UPI (@ikwik & @mbkns). 
Get upto 10% Cashback on transaction value of Rs.9999/- via MobiKwik UPI (@ikwik & @mbkns). 
Get upto 20% Cashback on transaction value of Rs.19999/- via MobiKwik UPI (@ikwik & @mbkns). 
Cashback can be claimed instantly through a scratch card on the MobiKwik app in the rewards section. 
All scratch cards issued from this offer will expire after 7 days post which no cashback will be extended to customer. 
Transactions made via Pocket UPI are not eligible for this offer. 
MobiKwik reserves its absolute right to withdraw and/or alter any terms and conditions of the offer at any time without prior notice. 
",https://www.croma.com/tc-mobikwik-upi-offer-2026,,,,Yes
"Get assured 150 Cashback (up to 10%) on transaction value above Rs.9,999 via MobiKwik UPI only (@ikwik / @mbkns). Select offer under view all offer segment on payment page to avail the benefit. T&C Apply.","MobiKwik UPI Offer 

Offer Duration 



Offer valid till 31st March, 2026 



Offer Eligibility 



This offer is applicable when you Pay only on Croma.com & Tata Neu App on minimum transaction value of Rs 1999 & upto Rs 19,999 
Offer can be availed 1 time per user in a month. 
Offer is applicable on making payment on Croma using MobiKwik UPI only (@ikwik & @mbkns). 



Min Txn value 

Min Assured Cashback 

Rs 1999/- 

40/- 

Rs 9999/- 

150/- 

Rs 19999/- 

300/- 



Get upto Rs.500/- Cashback on transaction value of Rs.1999/- via MobiKwik UPI (@ikwik & @mbkns). 
Get upto 10% Cashback on transaction value of Rs.9999/- via MobiKwik UPI (@ikwik & @mbkns). 
Get upto 20% Cashback on transaction value of Rs.19999/- via MobiKwik UPI (@ikwik & @mbkns). 
Cashback can be claimed instantly through a scratch card on the MobiKwik app in the rewards section. 
All scratch cards issued from this offer will expire after 7 days post which no cashback will be extended to customer. 
Transactions made via Pocket UPI are not eligible for this offer. 
MobiKwik reserves its absolute right to withdraw and/or alter any terms and conditions of the offer at any time without prior notice. 
",https://www.croma.com/tc-mobikwik-upi-offer-2026,,,,Yes
"Get assured 40 Cashback (up to 500) on transaction value above Rs.1,999 via MobiKwik UPI only (@ikwik/@mbkns). Select offer under view all offer segment on payment page to avail the benefit. T&C Apply.","MobiKwik UPI Offer 

Offer Duration 



Offer valid till 31st March, 2026 



Offer Eligibility 



This offer is applicable when you Pay only on Croma.com & Tata Neu App on minimum transaction value of Rs 1999 & upto Rs 19,999 
Offer can be availed 1 time per user in a month. 
Offer is applicable on making payment on Croma using MobiKwik UPI only (@ikwik & @mbkns). 



Min Txn value 

Min Assured Cashback 

Rs 1999/- 

40/- 

Rs 9999/- 

150/- 

Rs 19999/- 

300/- 



Get upto Rs.500/- Cashback on transaction value of Rs.1999/- via MobiKwik UPI (@ikwik & @mbkns). 
Get upto 10% Cashback on transaction value of Rs.9999/- via MobiKwik UPI (@ikwik & @mbkns). 
Get upto 20% Cashback on transaction value of Rs.19999/- via MobiKwik UPI (@ikwik & @mbkns). 
Cashback can be claimed instantly through a scratch card on the MobiKwik app in the rewards section. 
All scratch cards issued from this offer will expire after 7 days post which no cashback will be extended to customer. 
Transactions made via Pocket UPI are not eligible for this offer. 
MobiKwik reserves its absolute right to withdraw and/or alter any terms and conditions of the offer at any time without prior notice. 
",https://www.croma.com/tc-mobikwik-upi-offer-2026,,,,Yes
