Offer,Description,Image,Link,Eligible Credit Cards,Eligible Debit Cards,Net Banking,UPI,Non-Payments-Offers
HSBC Offer,"10% Instant Discount On HSBC Credit Card on min spend of Rs. 4,000. T&C (Applicable only on selected Products)",,,HSBC Live+ Credit Card,,,,
HSBC Offer,"10% Instant Discount On HSBC Credit Card on min spend of Rs. 4,000. T&C (Applicable only on selected Products)",,,HSBC Visa Platinum Credit Card,,,,
HSBC Offer,"10% Instant Discount On HSBC Credit Card on min spend of Rs. 4,000. T&C (Applicable only on selected Products)",,,HSBC Taj Credit Card,,,,
HSBC Offer,"10% Instant Discount On HSBC Credit Card on min spend of Rs. 4,000. T&C (Applicable only on selected Products)",,,HSBC TravelOne Credit Card,,,,
HSBC Offer,"10% Instant Discount On HSBC Credit Card on min spend of Rs. 4,000. T&C (Applicable only on selected Products)",,,HSBC Premier Mastercard Credit Card,,,,
Bajaj UPI,Flat Rs. 50 Cashback On BAJAJ UPI transactions on a min spend of Rs. 999.,,,,,,Bajaj UPI,
Cred UPI,Assured Cashback upto Rs. 100 On CRED UPI transaction on min spend of Rs. 499,,,,,,Cred UPI,
Pop UPI 2,Flat Cashback Rs. 50 On POP UPI transaction on min spend of Rs. 999,,,,,,Pop UPI,
Pop UPI,Get Flat Cashback Rs. 100 on your first-ever transaction using Rupay CC via POP UPI transaction on min spend of Rs. 499,,,,,,Pop UPI,
Cred,Assured Cashback from Rs. 10-100 Using Rupay Credit Card using CRED UPI transaction on min spend of Rs. 499,,,6E Rewards XL IndiGo HDFC Bank Credit Card (RuPay),,,Cred UPI,
Cred,Assured Cashback from Rs. 10-100 Using Rupay Credit Card using CRED UPI transaction on min spend of Rs. 499,,,Airtel Axis Bank Credit Card (Rupay),,,Cred UPI,
Cred,Assured Cashback from Rs. 10-100 Using Rupay Credit Card using CRED UPI transaction on min spend of Rs. 499,,,Apollo SBI Card Select (Rupay),,,Cred UPI,
Cred,Assured Cashback from Rs. 10-100 Using Rupay Credit Card using CRED UPI transaction on min spend of Rs. 499,,,Assam Rifles The Sentinel Bobcard (Rupay),,,Cred UPI,
Cred,Assured Cashback from Rs. 10-100 Using Rupay Credit Card using CRED UPI transaction on min spend of Rs. 499,,,AU Bank Instapay Credit Card (Rupay),,,Cred UPI,
Cred,Assured Cashback from Rs. 10-100 Using Rupay Credit Card using CRED UPI transaction on min spend of Rs. 499,,,Axis Bank Neo Credit Card (Rupay),,,Cred UPI,
Cred,Assured Cashback from Rs. 10-100 Using Rupay Credit Card using CRED UPI transaction on min spend of Rs. 499,,,Axis KWIK Credit Card (Rupay),,,Cred UPI,
Cred,Assured Cashback from Rs. 10-100 Using Rupay Credit Card using CRED UPI transaction on min spend of Rs. 499,,,Bank of India Rupay Platinum Credit Card (Rupay),,,Cred UPI,
Cred,Assured Cashback from Rs. 10-100 Using Rupay Credit Card using CRED UPI transaction on min spend of Rs. 499,,,Bank of India SwaDhan Rupay Platinum Credit Card (Rupay),,,Cred UPI,
Cred,Assured Cashback from Rs. 10-100 Using Rupay Credit Card using CRED UPI transaction on min spend of Rs. 499,,,BPCL SBI Credit Card (Rupay),,,Cred UPI,
Cred,Assured Cashback from Rs. 10-100 Using Rupay Credit Card using CRED UPI transaction on min spend of Rs. 499,,,Canara Bank Rupay Classic Credit Card (Rupay),,,Cred UPI,
Cred,Assured Cashback from Rs. 10-100 Using Rupay Credit Card using CRED UPI transaction on min spend of Rs. 499,,,Canara Bank Rupay Platinum Credit Card (Rupay),,,Cred UPI,
Cred,Assured Cashback from Rs. 10-100 Using Rupay Credit Card using CRED UPI transaction on min spend of Rs. 499,,,Canara Bank Rupay Platinum Secured Credit Card (Rupay),,,Cred UPI,
Cred,Assured Cashback from Rs. 10-100 Using Rupay Credit Card using CRED UPI transaction on min spend of Rs. 499,,,Canara Bank Rupay Select Credit Card (Rupay),,,Cred UPI,
Cred,Assured Cashback from Rs. 10-100 Using Rupay Credit Card using CRED UPI transaction on min spend of Rs. 499,,,Canara Bank Rupay Select Secured Credit Card (Rupay),,,Cred UPI,
Cred,Assured Cashback from Rs. 10-100 Using Rupay Credit Card using CRED UPI transaction on min spend of Rs. 499,,,CMA One Bobcard (Rupay),,,Cred UPI,
Cred,Assured Cashback from Rs. 10-100 Using Rupay Credit Card using CRED UPI transaction on min spend of Rs. 499,,,CSC Small Business MoneyBack Credit Card (Rupay),,,Cred UPI,
Cred,Assured Cashback from Rs. 10-100 Using Rupay Credit Card using CRED UPI transaction on min spend of Rs. 499,,,Fed Starbiz Rupay Credit Card (Rupay),,,Cred UPI,
Cred,Assured Cashback from Rs. 10-100 Using Rupay Credit Card using CRED UPI transaction on min spend of Rs. 499,,,Federal Bank Rupay Signet Credit Card (RuPay),,,Cred UPI,
Cred,Assured Cashback from Rs. 10-100 Using Rupay Credit Card using CRED UPI transaction on min spend of Rs. 499,,,Federal Bank Scapia Credit Card (Rupay),,,Cred UPI,
Cred,Assured Cashback from Rs. 10-100 Using Rupay Credit Card using CRED UPI transaction on min spend of Rs. 499,,,Federal Bank Wave Credit Card (Rupay),,,Cred UPI,
Cred,Assured Cashback from Rs. 10-100 Using Rupay Credit Card using CRED UPI transaction on min spend of Rs. 499,,,Fibe Axis Bank Credit Card (Rupay),,,Cred UPI,
Cred,Assured Cashback from Rs. 10-100 Using Rupay Credit Card using CRED UPI transaction on min spend of Rs. 499,,,HDFC Bank Biz First Credit Card (RuPay),,,Cred UPI,
Cred,Assured Cashback from Rs. 10-100 Using Rupay Credit Card using CRED UPI transaction on min spend of Rs. 499,,,HDFC Bank Biz Grow Credit Card (Rupay),,,Cred UPI,
Cred,Assured Cashback from Rs. 10-100 Using Rupay Credit Card using CRED UPI transaction on min spend of Rs. 499,,,HDFC Bank Biz Power Credit Card (Rupay),,,Cred UPI,
Cred,Assured Cashback from Rs. 10-100 Using Rupay Credit Card using CRED UPI transaction on min spend of Rs. 499,,,HDFC Bank UPI Rupay Biz Credit Card (RuPay),,,Cred UPI,
Cred,Assured Cashback from Rs. 10-100 Using Rupay Credit Card using CRED UPI transaction on min spend of Rs. 499,,,HDFC Bank UPI RuPay Credit Card (Rupay),,,Cred UPI,
Cred,Assured Cashback from Rs. 10-100 Using Rupay Credit Card using CRED UPI transaction on min spend of Rs. 499,,,HDFC Bharat Credit Card (RuPay),,,Cred UPI,
Cred,Assured Cashback from Rs. 10-100 Using Rupay Credit Card using CRED UPI transaction on min spend of Rs. 499,,,HDFC Pixel Go Credit Card (RuPay),,,Cred UPI,
Cred,Assured Cashback from Rs. 10-100 Using Rupay Credit Card using CRED UPI transaction on min spend of Rs. 499,,,HDFC Pixel Play Credit Card (Rupay),,,Cred UPI,
Cred,Assured Cashback from Rs. 10-100 Using Rupay Credit Card using CRED UPI transaction on min spend of Rs. 499,,,HPCL Energie Bobcard (Rupay),,,Cred UPI,
Cred,Assured Cashback from Rs. 10-100 Using Rupay Credit Card using CRED UPI transaction on min spend of Rs. 499,,,ICAI Exclusive Bobcard (RuPay),,,Cred UPI,
Cred,Assured Cashback from Rs. 10-100 Using Rupay Credit Card using CRED UPI transaction on min spend of Rs. 499,,,ICICI Bank HPCL Super Saver Credit Card (Rupay),,,Cred UPI,
Cred,Assured Cashback from Rs. 10-100 Using Rupay Credit Card using CRED UPI transaction on min spend of Rs. 499,,,ICICI Bank Sapphiro Credit Card (Rupay),,,Cred UPI,
Cred,Assured Cashback from Rs. 10-100 Using Rupay Credit Card using CRED UPI transaction on min spend of Rs. 499,,,ICSI Diamond Bobcard (Rupay),,,Cred UPI,
Cred,Assured Cashback from Rs. 10-100 Using Rupay Credit Card using CRED UPI transaction on min spend of Rs. 499,,,IDFC First Earn RuPay Credit Card (Rupay),,,Cred UPI,
Cred,Assured Cashback from Rs. 10-100 Using Rupay Credit Card using CRED UPI transaction on min spend of Rs. 499,,,IDFC First Power Credit Card (Rupay),,,Cred UPI,
Cred,Assured Cashback from Rs. 10-100 Using Rupay Credit Card using CRED UPI transaction on min spend of Rs. 499,,,Indian Army Yoddha Bobcard (RuPay),,,Cred UPI,
Cred,Assured Cashback from Rs. 10-100 Using Rupay Credit Card using CRED UPI transaction on min spend of Rs. 499,,,Indian Coast Guard Rakshamah Bank of Baroda (Rupay),,,Cred UPI,
Cred,Assured Cashback from Rs. 10-100 Using Rupay Credit Card using CRED UPI transaction on min spend of Rs. 499,,,Indian Navy Varunah Premium Bobcard (Rupay),,,Cred UPI,
Cred,Assured Cashback from Rs. 10-100 Using Rupay Credit Card using CRED UPI transaction on min spend of Rs. 499,,,Indian Overseas Bank Classic Credit Card (Rupay),,,Cred UPI,
Cred,Assured Cashback from Rs. 10-100 Using Rupay Credit Card using CRED UPI transaction on min spend of Rs. 499,,,IndianOil Axis Bank Credit Card (Rupay),,,Cred UPI,
Cred,Assured Cashback from Rs. 10-100 Using Rupay Credit Card using CRED UPI transaction on min spend of Rs. 499,,,Indianoil Kotak Credit Card (Rupay),,,Cred UPI,
Cred,Assured Cashback from Rs. 10-100 Using Rupay Credit Card using CRED UPI transaction on min spend of Rs. 499,,,Indianoil RBL Bank Xtra Credit Card (RuPay),,,Cred UPI,
Cred,Assured Cashback from Rs. 10-100 Using Rupay Credit Card using CRED UPI transaction on min spend of Rs. 499,,,IndusInd Bank Platinum RuPay Credit Card (Rupay),,,Cred UPI,
Cred,Assured Cashback from Rs. 10-100 Using Rupay Credit Card using CRED UPI transaction on min spend of Rs. 499,,,Indusind Samman RuPay Credit Card (Rupay),,,Cred UPI,
Cred,Assured Cashback from Rs. 10-100 Using Rupay Credit Card using CRED UPI transaction on min spend of Rs. 499,,,IRCTC Bobcard (Rupay),,,Cred UPI,
Cred,Assured Cashback from Rs. 10-100 Using Rupay Credit Card using CRED UPI transaction on min spend of Rs. 499,,,IRCTC RBL Bank Credit Card (Rupay),,,Cred UPI,
Cred,Assured Cashback from Rs. 10-100 Using Rupay Credit Card using CRED UPI transaction on min spend of Rs. 499,,,IRCTC SBI Card Premier (Rupay),,,Cred UPI,
Cred,Assured Cashback from Rs. 10-100 Using Rupay Credit Card using CRED UPI transaction on min spend of Rs. 499,,,IRCTC SBI Card Rupay (Rupay),,,Cred UPI,
Cred,Assured Cashback from Rs. 10-100 Using Rupay Credit Card using CRED UPI transaction on min spend of Rs. 499,,,Ixigo AU Travel Credit Card (Rupay),,,Cred UPI,
Cred,Assured Cashback from Rs. 10-100 Using Rupay Credit Card using CRED UPI transaction on min spend of Rs. 499,,,Karnataka Bank Simplysave SBI Card (Rupay),,,Cred UPI,
Cred,Assured Cashback from Rs. 10-100 Using Rupay Credit Card using CRED UPI transaction on min spend of Rs. 499,,,Kotak League Platinum Credit Card (Rupay),,,Cred UPI,
Cred,Assured Cashback from Rs. 10-100 Using Rupay Credit Card using CRED UPI transaction on min spend of Rs. 499,,,Kotak Mojo Platinum Credit Card (Rupay),,,Cred UPI,
Cred,Assured Cashback from Rs. 10-100 Using Rupay Credit Card using CRED UPI transaction on min spend of Rs. 499,,,Miles Elite SBI Card (Rupay),,,Cred UPI,
Cred,Assured Cashback from Rs. 10-100 Using Rupay Credit Card using CRED UPI transaction on min spend of Rs. 499,,,Myntra Kotak Credit Card (Rupay),,,Cred UPI,
Cred,Assured Cashback from Rs. 10-100 Using Rupay Credit Card using CRED UPI transaction on min spend of Rs. 499,,,Paytm SBI Credit Card (Rupay),,,Cred UPI,
Cred,Assured Cashback from Rs. 10-100 Using Rupay Credit Card using CRED UPI transaction on min spend of Rs. 499,,,PNB EMT Rupay Platinum Credit Card (Rupay),,,Cred UPI,
Cred,Assured Cashback from Rs. 10-100 Using Rupay Credit Card using CRED UPI transaction on min spend of Rs. 499,,,PNB Patanjali Rupay Platinum Card (Rupay),,,Cred UPI,
Cred,Assured Cashback from Rs. 10-100 Using Rupay Credit Card using CRED UPI transaction on min spend of Rs. 499,,,PNB Patanjali Rupay Select Card (RuPay),,,Cred UPI,
Cred,Assured Cashback from Rs. 10-100 Using Rupay Credit Card using CRED UPI transaction on min spend of Rs. 499,,,PNB Rakshak Rupay Platinum Card (Rupay),,,Cred UPI,
Cred,Assured Cashback from Rs. 10-100 Using Rupay Credit Card using CRED UPI transaction on min spend of Rs. 499,,,PNB Rupay Millennial Card (Rupay),,,Cred UPI,
Cred,Assured Cashback from Rs. 10-100 Using Rupay Credit Card using CRED UPI transaction on min spend of Rs. 499,,,PNB RuPay Platinum Credit Card (RuPay),,,Cred UPI,
Cred,Assured Cashback from Rs. 10-100 Using Rupay Credit Card using CRED UPI transaction on min spend of Rs. 499,,,PNB Rupay Select Card (Rupay),,,Cred UPI,
Cred,Assured Cashback from Rs. 10-100 Using Rupay Credit Card using CRED UPI transaction on min spend of Rs. 499,,,Poonawalla Fincorp IndusInd Bank eLITE RuPay Credit Card (RuPay),,,Cred UPI,
Cred,Assured Cashback from Rs. 10-100 Using Rupay Credit Card using CRED UPI transaction on min spend of Rs. 499,,,PSB SimplySAVE SBI Card (Rupay),,,Cred UPI,
Cred,Assured Cashback from Rs. 10-100 Using Rupay Credit Card using CRED UPI transaction on min spend of Rs. 499,,,PVR Inox Kotak Credit Card (Rupay),,,Cred UPI,
Cred,Assured Cashback from Rs. 10-100 Using Rupay Credit Card using CRED UPI transaction on min spend of Rs. 499,,,RBL Bank Novio RuPay Credit Card (Rupay),,,Cred UPI,
Cred,Assured Cashback from Rs. 10-100 Using Rupay Credit Card using CRED UPI transaction on min spend of Rs. 499,,,RBL Bank Patanjali Swarn RuPay Card (RuPay),,,Cred UPI,
Cred,Assured Cashback from Rs. 10-100 Using Rupay Credit Card using CRED UPI transaction on min spend of Rs. 499,,,RBL Bank Patanjali Vishisht RuPay Card (Rupay),,,Cred UPI,
Cred,Assured Cashback from Rs. 10-100 Using Rupay Credit Card using CRED UPI transaction on min spend of Rs. 499,,,RBL Bank SalarySe Up RuPay Credit Card (Rupay),,,Cred UPI,
Cred,Assured Cashback from Rs. 10-100 Using Rupay Credit Card using CRED UPI transaction on min spend of Rs. 499,,,RBL Bank Shoprite Credit Card (Rupay),,,Cred UPI,
Cred,Assured Cashback from Rs. 10-100 Using Rupay Credit Card using CRED UPI transaction on min spend of Rs. 499,,,RBL Bank VCard (Rupay),,,Cred UPI,
Cred,Assured Cashback from Rs. 10-100 Using Rupay Credit Card using CRED UPI transaction on min spend of Rs. 499,,,Reliance SBI Card (Rupay),,,Cred UPI,
Cred,Assured Cashback from Rs. 10-100 Using Rupay Credit Card using CRED UPI transaction on min spend of Rs. 499,,,Reliance SBI Card Prime (Rupay),,,Cred UPI,
Cred,Assured Cashback from Rs. 10-100 Using Rupay Credit Card using CRED UPI transaction on min spend of Rs. 499,,,SBI Card Elite (Rupay),,,Cred UPI,
Cred,Assured Cashback from Rs. 10-100 Using Rupay Credit Card using CRED UPI transaction on min spend of Rs. 499,,,SBI Card Miles (Rupay),,,Cred UPI,
Cred,Assured Cashback from Rs. 10-100 Using Rupay Credit Card using CRED UPI transaction on min spend of Rs. 499,,,SBM Credilio Secured Credit Card (Rupay),,,Cred UPI,
Cred,Assured Cashback from Rs. 10-100 Using Rupay Credit Card using CRED UPI transaction on min spend of Rs. 499,,,SBM Gild Credit Card (Rupay),,,Cred UPI,
Cred,Assured Cashback from Rs. 10-100 Using Rupay Credit Card using CRED UPI transaction on min spend of Rs. 499,,,SBM Kredit.Pe Credit Card (Rupay),,,Cred UPI,
Cred,Assured Cashback from Rs. 10-100 Using Rupay Credit Card using CRED UPI transaction on min spend of Rs. 499,,,SBM Paisabazaar Step-Up Credit Card (RuPay),,,Cred UPI,
Cred,Assured Cashback from Rs. 10-100 Using Rupay Credit Card using CRED UPI transaction on min spend of Rs. 499,,,SBM Rupicard Credit Card (Rupay),,,Cred UPI,
Cred,Assured Cashback from Rs. 10-100 Using Rupay Credit Card using CRED UPI transaction on min spend of Rs. 499,,,Shaurya SBI Card (Rupay),,,Cred UPI,
Cred,Assured Cashback from Rs. 10-100 Using Rupay Credit Card using CRED UPI transaction on min spend of Rs. 499,,,Shaurya Select SBI Credit Card (Rupay),,,Cred UPI,
Cred,Assured Cashback from Rs. 10-100 Using Rupay Credit Card using CRED UPI transaction on min spend of Rs. 499,,,Shoppers Stop HDFC Bank Credit Card (Rupay),,,Cred UPI,
Cred,Assured Cashback from Rs. 10-100 Using Rupay Credit Card using CRED UPI transaction on min spend of Rs. 499,,,SimplySave SBI Card (Rupay),,,Cred UPI,
Cred,Assured Cashback from Rs. 10-100 Using Rupay Credit Card using CRED UPI transaction on min spend of Rs. 499,,,Snapdeal Bobcard (RuPay),,,Cred UPI,
Cred,Assured Cashback from Rs. 10-100 Using Rupay Credit Card using CRED UPI transaction on min spend of Rs. 499,,,South Indian Bank Simplysave SBI Card (Rupay),,,Cred UPI,
Cred,Assured Cashback from Rs. 10-100 Using Rupay Credit Card using CRED UPI transaction on min spend of Rs. 499,,,Swavlamban Bobcard (RuPay),,,Cred UPI,
Cred,Assured Cashback from Rs. 10-100 Using Rupay Credit Card using CRED UPI transaction on min spend of Rs. 499,,,Tata Neu Infinity HDFC Bank Credit Card (Rupay),,,Cred UPI,
Cred,Assured Cashback from Rs. 10-100 Using Rupay Credit Card using CRED UPI transaction on min spend of Rs. 499,,,Tata Neu Infinity SBI Card (Rupay),,,Cred UPI,
Cred,Assured Cashback from Rs. 10-100 Using Rupay Credit Card using CRED UPI transaction on min spend of Rs. 499,,,Tata Neu Plus HDFC Bank Credit Card (Rupay),,,Cred UPI,
Cred,Assured Cashback from Rs. 10-100 Using Rupay Credit Card using CRED UPI transaction on min spend of Rs. 499,,,Tata Neu Plus SBI Card (RuPay),,,Cred UPI,
Cred,Assured Cashback from Rs. 10-100 Using Rupay Credit Card using CRED UPI transaction on min spend of Rs. 499,,,TVS Credit RBL Bank Card (RuPay),,,Cred UPI,
Cred,Assured Cashback from Rs. 10-100 Using Rupay Credit Card using CRED UPI transaction on min spend of Rs. 499,,,TVS Credit RBL Bank Gold Card (Rupay),,,Cred UPI,
Cred,Assured Cashback from Rs. 10-100 Using Rupay Credit Card using CRED UPI transaction on min spend of Rs. 499,,,UCO Bank SBI Card Elite (Rupay),,,Cred UPI,
Cred,Assured Cashback from Rs. 10-100 Using Rupay Credit Card using CRED UPI transaction on min spend of Rs. 499,,,UCO Bank SimplySAVE SBI Card (Rupay),,,Cred UPI,
Cred,Assured Cashback from Rs. 10-100 Using Rupay Credit Card using CRED UPI transaction on min spend of Rs. 499,,,UNI Carbon Credit Card. (Rupay),,,Cred UPI,
Cred,Assured Cashback from Rs. 10-100 Using Rupay Credit Card using CRED UPI transaction on min spend of Rs. 499,,,Union Bank of India Rupay Select Credit Card (Rupay),,,Cred UPI,
Cred,Assured Cashback from Rs. 10-100 Using Rupay Credit Card using CRED UPI transaction on min spend of Rs. 499,,,Union Bank Rupay Platinum Credit Card (Rupay),,,Cred UPI,
Cred,Assured Cashback from Rs. 10-100 Using Rupay Credit Card using CRED UPI transaction on min spend of Rs. 499,,,Yatra SBI Card (Rupay),,,Cred UPI,
Cred,Assured Cashback from Rs. 10-100 Using Rupay Credit Card using CRED UPI transaction on min spend of Rs. 499,,,Yes Bank Anq Pi Credit Card (Rupay),,,Cred UPI,
Cred,Assured Cashback from Rs. 10-100 Using Rupay Credit Card using CRED UPI transaction on min spend of Rs. 499,,,Yes Bank Card Anq Phi Credit Card (Rupay),,,Cred UPI,
Cred,Assured Cashback from Rs. 10-100 Using Rupay Credit Card using CRED UPI transaction on min spend of Rs. 499,,,YES Bank Paisabazaar Paisasave Credit Card (Rupay),,,Cred UPI,
Cred,Assured Cashback from Rs. 10-100 Using Rupay Credit Card using CRED UPI transaction on min spend of Rs. 499,,,YES Bank Rio Rupay Credit Card (Rupay),,,Cred UPI,
Axis,"7.5% Instant Discount On Flipkart Axis Bank Credit Card on min spend of Rs. 2,500",,,Flipkart Axis Bank Credit Card,,,,
Flipkart,"7.5% Instant Discount On Flipkart SBI Credit Card on min spend of Rs. 2,500",,,Flipkart SBI Credit Card,,,,
IDFC SWYP,10% Instant Discount On IDFC FIRST SWYP Credit Card on min spend of Rs. 850. T&C (Applicable only on selected Products),,,IDFC Firrst SWYP Credit Card,,,,
PhonePe,"Get Upto Rs. 500 Cashback On RuPay Credit Card via Phonepe UPI transaction of Rs. 1,500",,,6E Rewards XL IndiGo HDFC Bank Credit Card (RuPay),,,PhonePe UPI,
PhonePe,"Get Upto Rs. 500 Cashback On RuPay Credit Card via Phonepe UPI transaction of Rs. 1,500",,,Airtel Axis Bank Credit Card (Rupay),,,PhonePe UPI,
PhonePe,"Get Upto Rs. 500 Cashback On RuPay Credit Card via Phonepe UPI transaction of Rs. 1,500",,,Apollo SBI Card Select (Rupay),,,PhonePe UPI,
PhonePe,"Get Upto Rs. 500 Cashback On RuPay Credit Card via Phonepe UPI transaction of Rs. 1,500",,,Assam Rifles The Sentinel Bobcard (Rupay),,,PhonePe UPI,
PhonePe,"Get Upto Rs. 500 Cashback On RuPay Credit Card via Phonepe UPI transaction of Rs. 1,500",,,AU Bank Instapay Credit Card (Rupay),,,PhonePe UPI,
PhonePe,"Get Upto Rs. 500 Cashback On RuPay Credit Card via Phonepe UPI transaction of Rs. 1,500",,,Axis Bank Neo Credit Card (Rupay),,,PhonePe UPI,
PhonePe,"Get Upto Rs. 500 Cashback On RuPay Credit Card via Phonepe UPI transaction of Rs. 1,500",,,Axis KWIK Credit Card (Rupay),,,PhonePe UPI,
PhonePe,"Get Upto Rs. 500 Cashback On RuPay Credit Card via Phonepe UPI transaction of Rs. 1,500",,,Bank of India Rupay Platinum Credit Card (Rupay),,,PhonePe UPI,
PhonePe,"Get Upto Rs. 500 Cashback On RuPay Credit Card via Phonepe UPI transaction of Rs. 1,500",,,Bank of India SwaDhan Rupay Platinum Credit Card (Rupay),,,PhonePe UPI,
PhonePe,"Get Upto Rs. 500 Cashback On RuPay Credit Card via Phonepe UPI transaction of Rs. 1,500",,,BPCL SBI Credit Card (Rupay),,,PhonePe UPI,
PhonePe,"Get Upto Rs. 500 Cashback On RuPay Credit Card via Phonepe UPI transaction of Rs. 1,500",,,Canara Bank Rupay Classic Credit Card (Rupay),,,PhonePe UPI,
PhonePe,"Get Upto Rs. 500 Cashback On RuPay Credit Card via Phonepe UPI transaction of Rs. 1,500",,,Canara Bank Rupay Platinum Credit Card (Rupay),,,PhonePe UPI,
PhonePe,"Get Upto Rs. 500 Cashback On RuPay Credit Card via Phonepe UPI transaction of Rs. 1,500",,,Canara Bank Rupay Platinum Secured Credit Card (Rupay),,,PhonePe UPI,
PhonePe,"Get Upto Rs. 500 Cashback On RuPay Credit Card via Phonepe UPI transaction of Rs. 1,500",,,Canara Bank Rupay Select Credit Card (Rupay),,,PhonePe UPI,
PhonePe,"Get Upto Rs. 500 Cashback On RuPay Credit Card via Phonepe UPI transaction of Rs. 1,500",,,Canara Bank Rupay Select Secured Credit Card (Rupay),,,PhonePe UPI,
PhonePe,"Get Upto Rs. 500 Cashback On RuPay Credit Card via Phonepe UPI transaction of Rs. 1,500",,,CMA One Bobcard (Rupay),,,PhonePe UPI,
PhonePe,"Get Upto Rs. 500 Cashback On RuPay Credit Card via Phonepe UPI transaction of Rs. 1,500",,,CSC Small Business MoneyBack Credit Card (Rupay),,,PhonePe UPI,
PhonePe,"Get Upto Rs. 500 Cashback On RuPay Credit Card via Phonepe UPI transaction of Rs. 1,500",,,Fed Starbiz Rupay Credit Card (Rupay),,,PhonePe UPI,
PhonePe,"Get Upto Rs. 500 Cashback On RuPay Credit Card via Phonepe UPI transaction of Rs. 1,500",,,Federal Bank Rupay Signet Credit Card (RuPay),,,PhonePe UPI,
PhonePe,"Get Upto Rs. 500 Cashback On RuPay Credit Card via Phonepe UPI transaction of Rs. 1,500",,,Federal Bank Scapia Credit Card (Rupay),,,PhonePe UPI,
PhonePe,"Get Upto Rs. 500 Cashback On RuPay Credit Card via Phonepe UPI transaction of Rs. 1,500",,,Federal Bank Wave Credit Card (Rupay),,,PhonePe UPI,
PhonePe,"Get Upto Rs. 500 Cashback On RuPay Credit Card via Phonepe UPI transaction of Rs. 1,500",,,Fibe Axis Bank Credit Card (Rupay),,,PhonePe UPI,
PhonePe,"Get Upto Rs. 500 Cashback On RuPay Credit Card via Phonepe UPI transaction of Rs. 1,500",,,HDFC Bank Biz First Credit Card (RuPay),,,PhonePe UPI,
PhonePe,"Get Upto Rs. 500 Cashback On RuPay Credit Card via Phonepe UPI transaction of Rs. 1,500",,,HDFC Bank Biz Grow Credit Card (Rupay),,,PhonePe UPI,
PhonePe,"Get Upto Rs. 500 Cashback On RuPay Credit Card via Phonepe UPI transaction of Rs. 1,500",,,HDFC Bank Biz Power Credit Card (Rupay),,,PhonePe UPI,
PhonePe,"Get Upto Rs. 500 Cashback On RuPay Credit Card via Phonepe UPI transaction of Rs. 1,500",,,HDFC Bank UPI Rupay Biz Credit Card (RuPay),,,PhonePe UPI,
PhonePe,"Get Upto Rs. 500 Cashback On RuPay Credit Card via Phonepe UPI transaction of Rs. 1,500",,,HDFC Bank UPI RuPay Credit Card (Rupay),,,PhonePe UPI,
PhonePe,"Get Upto Rs. 500 Cashback On RuPay Credit Card via Phonepe UPI transaction of Rs. 1,500",,,HDFC Bharat Credit Card (RuPay),,,PhonePe UPI,
PhonePe,"Get Upto Rs. 500 Cashback On RuPay Credit Card via Phonepe UPI transaction of Rs. 1,500",,,HDFC Pixel Go Credit Card (RuPay),,,PhonePe UPI,
PhonePe,"Get Upto Rs. 500 Cashback On RuPay Credit Card via Phonepe UPI transaction of Rs. 1,500",,,HDFC Pixel Play Credit Card (Rupay),,,PhonePe UPI,
PhonePe,"Get Upto Rs. 500 Cashback On RuPay Credit Card via Phonepe UPI transaction of Rs. 1,500",,,HPCL Energie Bobcard (Rupay),,,PhonePe UPI,
PhonePe,"Get Upto Rs. 500 Cashback On RuPay Credit Card via Phonepe UPI transaction of Rs. 1,500",,,ICAI Exclusive Bobcard (RuPay),,,PhonePe UPI,
PhonePe,"Get Upto Rs. 500 Cashback On RuPay Credit Card via Phonepe UPI transaction of Rs. 1,500",,,ICICI Bank HPCL Super Saver Credit Card (Rupay),,,PhonePe UPI,
PhonePe,"Get Upto Rs. 500 Cashback On RuPay Credit Card via Phonepe UPI transaction of Rs. 1,500",,,ICICI Bank Sapphiro Credit Card (Rupay),,,PhonePe UPI,
PhonePe,"Get Upto Rs. 500 Cashback On RuPay Credit Card via Phonepe UPI transaction of Rs. 1,500",,,ICSI Diamond Bobcard (Rupay),,,PhonePe UPI,
PhonePe,"Get Upto Rs. 500 Cashback On RuPay Credit Card via Phonepe UPI transaction of Rs. 1,500",,,IDFC First Earn RuPay Credit Card (Rupay),,,PhonePe UPI,
PhonePe,"Get Upto Rs. 500 Cashback On RuPay Credit Card via Phonepe UPI transaction of Rs. 1,500",,,IDFC First Power Credit Card (Rupay),,,PhonePe UPI,
PhonePe,"Get Upto Rs. 500 Cashback On RuPay Credit Card via Phonepe UPI transaction of Rs. 1,500",,,Indian Army Yoddha Bobcard (RuPay),,,PhonePe UPI,
PhonePe,"Get Upto Rs. 500 Cashback On RuPay Credit Card via Phonepe UPI transaction of Rs. 1,500",,,Indian Coast Guard Rakshamah Bank of Baroda (Rupay),,,PhonePe UPI,
PhonePe,"Get Upto Rs. 500 Cashback On RuPay Credit Card via Phonepe UPI transaction of Rs. 1,500",,,Indian Navy Varunah Premium Bobcard (Rupay),,,PhonePe UPI,
PhonePe,"Get Upto Rs. 500 Cashback On RuPay Credit Card via Phonepe UPI transaction of Rs. 1,500",,,Indian Overseas Bank Classic Credit Card (Rupay),,,PhonePe UPI,
PhonePe,"Get Upto Rs. 500 Cashback On RuPay Credit Card via Phonepe UPI transaction of Rs. 1,500",,,IndianOil Axis Bank Credit Card (Rupay),,,PhonePe UPI,
PhonePe,"Get Upto Rs. 500 Cashback On RuPay Credit Card via Phonepe UPI transaction of Rs. 1,500",,,Indianoil Kotak Credit Card (Rupay),,,PhonePe UPI,
PhonePe,"Get Upto Rs. 500 Cashback On RuPay Credit Card via Phonepe UPI transaction of Rs. 1,500",,,Indianoil RBL Bank Xtra Credit Card (RuPay),,,PhonePe UPI,
PhonePe,"Get Upto Rs. 500 Cashback On RuPay Credit Card via Phonepe UPI transaction of Rs. 1,500",,,IndusInd Bank Platinum RuPay Credit Card (Rupay),,,PhonePe UPI,
PhonePe,"Get Upto Rs. 500 Cashback On RuPay Credit Card via Phonepe UPI transaction of Rs. 1,500",,,Indusind Samman RuPay Credit Card (Rupay),,,PhonePe UPI,
PhonePe,"Get Upto Rs. 500 Cashback On RuPay Credit Card via Phonepe UPI transaction of Rs. 1,500",,,IRCTC Bobcard (Rupay),,,PhonePe UPI,
PhonePe,"Get Upto Rs. 500 Cashback On RuPay Credit Card via Phonepe UPI transaction of Rs. 1,500",,,IRCTC RBL Bank Credit Card (Rupay),,,PhonePe UPI,
PhonePe,"Get Upto Rs. 500 Cashback On RuPay Credit Card via Phonepe UPI transaction of Rs. 1,500",,,IRCTC SBI Card Premier (Rupay),,,PhonePe UPI,
PhonePe,"Get Upto Rs. 500 Cashback On RuPay Credit Card via Phonepe UPI transaction of Rs. 1,500",,,IRCTC SBI Card Rupay (Rupay),,,PhonePe UPI,
PhonePe,"Get Upto Rs. 500 Cashback On RuPay Credit Card via Phonepe UPI transaction of Rs. 1,500",,,Ixigo AU Travel Credit Card (Rupay),,,PhonePe UPI,
PhonePe,"Get Upto Rs. 500 Cashback On RuPay Credit Card via Phonepe UPI transaction of Rs. 1,500",,,Karnataka Bank Simplysave SBI Card (Rupay),,,PhonePe UPI,
PhonePe,"Get Upto Rs. 500 Cashback On RuPay Credit Card via Phonepe UPI transaction of Rs. 1,500",,,Kotak League Platinum Credit Card (Rupay),,,PhonePe UPI,
PhonePe,"Get Upto Rs. 500 Cashback On RuPay Credit Card via Phonepe UPI transaction of Rs. 1,500",,,Kotak Mojo Platinum Credit Card (Rupay),,,PhonePe UPI,
PhonePe,"Get Upto Rs. 500 Cashback On RuPay Credit Card via Phonepe UPI transaction of Rs. 1,500",,,Miles Elite SBI Card (Rupay),,,PhonePe UPI,
PhonePe,"Get Upto Rs. 500 Cashback On RuPay Credit Card via Phonepe UPI transaction of Rs. 1,500",,,Myntra Kotak Credit Card (Rupay),,,PhonePe UPI,
PhonePe,"Get Upto Rs. 500 Cashback On RuPay Credit Card via Phonepe UPI transaction of Rs. 1,500",,,Paytm SBI Credit Card (Rupay),,,PhonePe UPI,
PhonePe,"Get Upto Rs. 500 Cashback On RuPay Credit Card via Phonepe UPI transaction of Rs. 1,500",,,PNB EMT Rupay Platinum Credit Card (Rupay),,,PhonePe UPI,
PhonePe,"Get Upto Rs. 500 Cashback On RuPay Credit Card via Phonepe UPI transaction of Rs. 1,500",,,PNB Patanjali Rupay Platinum Card (Rupay),,,PhonePe UPI,
PhonePe,"Get Upto Rs. 500 Cashback On RuPay Credit Card via Phonepe UPI transaction of Rs. 1,500",,,PNB Patanjali Rupay Select Card (RuPay),,,PhonePe UPI,
PhonePe,"Get Upto Rs. 500 Cashback On RuPay Credit Card via Phonepe UPI transaction of Rs. 1,500",,,PNB Rakshak Rupay Platinum Card (Rupay),,,PhonePe UPI,
PhonePe,"Get Upto Rs. 500 Cashback On RuPay Credit Card via Phonepe UPI transaction of Rs. 1,500",,,PNB Rupay Millennial Card (Rupay),,,PhonePe UPI,
PhonePe,"Get Upto Rs. 500 Cashback On RuPay Credit Card via Phonepe UPI transaction of Rs. 1,500",,,PNB RuPay Platinum Credit Card (RuPay),,,PhonePe UPI,
PhonePe,"Get Upto Rs. 500 Cashback On RuPay Credit Card via Phonepe UPI transaction of Rs. 1,500",,,PNB Rupay Select Card (Rupay),,,PhonePe UPI,
PhonePe,"Get Upto Rs. 500 Cashback On RuPay Credit Card via Phonepe UPI transaction of Rs. 1,500",,,Poonawalla Fincorp IndusInd Bank eLITE RuPay Credit Card (RuPay),,,PhonePe UPI,
PhonePe,"Get Upto Rs. 500 Cashback On RuPay Credit Card via Phonepe UPI transaction of Rs. 1,500",,,PSB SimplySAVE SBI Card (Rupay),,,PhonePe UPI,
PhonePe,"Get Upto Rs. 500 Cashback On RuPay Credit Card via Phonepe UPI transaction of Rs. 1,500",,,PVR Inox Kotak Credit Card (Rupay),,,PhonePe UPI,
PhonePe,"Get Upto Rs. 500 Cashback On RuPay Credit Card via Phonepe UPI transaction of Rs. 1,500",,,RBL Bank Novio RuPay Credit Card (Rupay),,,PhonePe UPI,
PhonePe,"Get Upto Rs. 500 Cashback On RuPay Credit Card via Phonepe UPI transaction of Rs. 1,500",,,RBL Bank Patanjali Swarn RuPay Card (RuPay),,,PhonePe UPI,
PhonePe,"Get Upto Rs. 500 Cashback On RuPay Credit Card via Phonepe UPI transaction of Rs. 1,500",,,RBL Bank Patanjali Vishisht RuPay Card (Rupay),,,PhonePe UPI,
PhonePe,"Get Upto Rs. 500 Cashback On RuPay Credit Card via Phonepe UPI transaction of Rs. 1,500",,,RBL Bank SalarySe Up RuPay Credit Card (Rupay),,,PhonePe UPI,
PhonePe,"Get Upto Rs. 500 Cashback On RuPay Credit Card via Phonepe UPI transaction of Rs. 1,500",,,RBL Bank Shoprite Credit Card (Rupay),,,PhonePe UPI,
PhonePe,"Get Upto Rs. 500 Cashback On RuPay Credit Card via Phonepe UPI transaction of Rs. 1,500",,,RBL Bank VCard (Rupay),,,PhonePe UPI,
PhonePe,"Get Upto Rs. 500 Cashback On RuPay Credit Card via Phonepe UPI transaction of Rs. 1,500",,,Reliance SBI Card (Rupay),,,PhonePe UPI,
PhonePe,"Get Upto Rs. 500 Cashback On RuPay Credit Card via Phonepe UPI transaction of Rs. 1,500",,,Reliance SBI Card Prime (Rupay),,,PhonePe UPI,
PhonePe,"Get Upto Rs. 500 Cashback On RuPay Credit Card via Phonepe UPI transaction of Rs. 1,500",,,SBI Card Elite (Rupay),,,PhonePe UPI,
PhonePe,"Get Upto Rs. 500 Cashback On RuPay Credit Card via Phonepe UPI transaction of Rs. 1,500",,,SBI Card Miles (Rupay),,,PhonePe UPI,
PhonePe,"Get Upto Rs. 500 Cashback On RuPay Credit Card via Phonepe UPI transaction of Rs. 1,500",,,SBM Credilio Secured Credit Card (Rupay),,,PhonePe UPI,
PhonePe,"Get Upto Rs. 500 Cashback On RuPay Credit Card via Phonepe UPI transaction of Rs. 1,500",,,SBM Gild Credit Card (Rupay),,,PhonePe UPI,
PhonePe,"Get Upto Rs. 500 Cashback On RuPay Credit Card via Phonepe UPI transaction of Rs. 1,500",,,SBM Kredit.Pe Credit Card (Rupay),,,PhonePe UPI,
PhonePe,"Get Upto Rs. 500 Cashback On RuPay Credit Card via Phonepe UPI transaction of Rs. 1,500",,,SBM Paisabazaar Step-Up Credit Card (RuPay),,,PhonePe UPI,
PhonePe,"Get Upto Rs. 500 Cashback On RuPay Credit Card via Phonepe UPI transaction of Rs. 1,500",,,SBM Rupicard Credit Card (Rupay),,,PhonePe UPI,
PhonePe,"Get Upto Rs. 500 Cashback On RuPay Credit Card via Phonepe UPI transaction of Rs. 1,500",,,Shaurya SBI Card (Rupay),,,PhonePe UPI,
PhonePe,"Get Upto Rs. 500 Cashback On RuPay Credit Card via Phonepe UPI transaction of Rs. 1,500",,,Shaurya Select SBI Credit Card (Rupay),,,PhonePe UPI,
PhonePe,"Get Upto Rs. 500 Cashback On RuPay Credit Card via Phonepe UPI transaction of Rs. 1,500",,,Shoppers Stop HDFC Bank Credit Card (Rupay),,,PhonePe UPI,
PhonePe,"Get Upto Rs. 500 Cashback On RuPay Credit Card via Phonepe UPI transaction of Rs. 1,500",,,SimplySave SBI Card (Rupay),,,PhonePe UPI,
PhonePe,"Get Upto Rs. 500 Cashback On RuPay Credit Card via Phonepe UPI transaction of Rs. 1,500",,,Snapdeal Bobcard (RuPay),,,PhonePe UPI,
PhonePe,"Get Upto Rs. 500 Cashback On RuPay Credit Card via Phonepe UPI transaction of Rs. 1,500",,,South Indian Bank Simplysave SBI Card (Rupay),,,PhonePe UPI,
PhonePe,"Get Upto Rs. 500 Cashback On RuPay Credit Card via Phonepe UPI transaction of Rs. 1,500",,,Swavlamban Bobcard (RuPay),,,PhonePe UPI,
PhonePe,"Get Upto Rs. 500 Cashback On RuPay Credit Card via Phonepe UPI transaction of Rs. 1,500",,,Tata Neu Infinity HDFC Bank Credit Card (Rupay),,,PhonePe UPI,
PhonePe,"Get Upto Rs. 500 Cashback On RuPay Credit Card via Phonepe UPI transaction of Rs. 1,500",,,Tata Neu Infinity SBI Card (Rupay),,,PhonePe UPI,
PhonePe,"Get Upto Rs. 500 Cashback On RuPay Credit Card via Phonepe UPI transaction of Rs. 1,500",,,Tata Neu Plus HDFC Bank Credit Card (Rupay),,,PhonePe UPI,
PhonePe,"Get Upto Rs. 500 Cashback On RuPay Credit Card via Phonepe UPI transaction of Rs. 1,500",,,Tata Neu Plus SBI Card (RuPay),,,PhonePe UPI,
PhonePe,"Get Upto Rs. 500 Cashback On RuPay Credit Card via Phonepe UPI transaction of Rs. 1,500",,,TVS Credit RBL Bank Card (RuPay),,,PhonePe UPI,
PhonePe,"Get Upto Rs. 500 Cashback On RuPay Credit Card via Phonepe UPI transaction of Rs. 1,500",,,TVS Credit RBL Bank Gold Card (Rupay),,,PhonePe UPI,
PhonePe,"Get Upto Rs. 500 Cashback On RuPay Credit Card via Phonepe UPI transaction of Rs. 1,500",,,UCO Bank SBI Card Elite (Rupay),,,PhonePe UPI,
PhonePe,"Get Upto Rs. 500 Cashback On RuPay Credit Card via Phonepe UPI transaction of Rs. 1,500",,,UCO Bank SimplySAVE SBI Card (Rupay),,,PhonePe UPI,
PhonePe,"Get Upto Rs. 500 Cashback On RuPay Credit Card via Phonepe UPI transaction of Rs. 1,500",,,UNI Carbon Credit Card. (Rupay),,,PhonePe UPI,
PhonePe,"Get Upto Rs. 500 Cashback On RuPay Credit Card via Phonepe UPI transaction of Rs. 1,500",,,Union Bank of India Rupay Select Credit Card (Rupay),,,PhonePe UPI,
PhonePe,"Get Upto Rs. 500 Cashback On RuPay Credit Card via Phonepe UPI transaction of Rs. 1,500",,,Union Bank Rupay Platinum Credit Card (Rupay),,,PhonePe UPI,
PhonePe,"Get Upto Rs. 500 Cashback On RuPay Credit Card via Phonepe UPI transaction of Rs. 1,500",,,Yatra SBI Card (Rupay),,,PhonePe UPI,
PhonePe,"Get Upto Rs. 500 Cashback On RuPay Credit Card via Phonepe UPI transaction of Rs. 1,500",,,Yes Bank Anq Pi Credit Card (Rupay),,,PhonePe UPI,
PhonePe,"Get Upto Rs. 500 Cashback On RuPay Credit Card via Phonepe UPI transaction of Rs. 1,500",,,Yes Bank Card Anq Phi Credit Card (Rupay),,,PhonePe UPI,
PhonePe,"Get Upto Rs. 500 Cashback On RuPay Credit Card via Phonepe UPI transaction of Rs. 1,500",,,YES Bank Paisabazaar Paisasave Credit Card (Rupay),,,PhonePe UPI,
PhonePe,"Get Upto Rs. 500 Cashback On RuPay Credit Card via Phonepe UPI transaction of Rs. 1,500",,,YES Bank Rio Rupay Credit Card (Rupay),,,PhonePe UPI,
Mobikwik 3,"Get Upto Rs. 500 cashback On Mobikwik Wallet transaction on a min spend of Rs. 1,500",,,,,,Mobikwik UPI,
Mobikwik 2,Flat Rs. 100 Assured Cashback on first ever transaction using Mobikwik UPI on a min spend of Rs. 500,,,,,,Mobikwik UPI,
Mobikwik 1,Get Upto Rs. 250 Cashback On Mobikwik UPI transaction on a min spend of Rs. 999,,,,,,Mobikwik UPI,
