Offer Title,Image,Description,Link,Eligible Credit Cards,Eligible Debit Cards,Non-Payments-Offers
"Up to Rs. 4,500",https://www.yatra.com/ythomepagecms/media/todayspick_home/2025/Jul/4f2d96e7fd99471ecdeae1ad6ccd3a88.jpg,YATRAAUDC,https://www.yatra.com/offer/details/au-debit-card-offer,,AU Royale Business Debit Card,
"Up to Rs. 4,500",https://www.yatra.com/ythomepagecms/media/todayspick_home/2025/Jul/4f2d96e7fd99471ecdeae1ad6ccd3a88.jpg,YATRAAUDC,https://www.yatra.com/offer/details/au-debit-card-offer,,AU Visa Business Gold Debit Card,
"Up to Rs. 4,500",https://www.yatra.com/ythomepagecms/media/todayspick_home/2025/Jul/4f2d96e7fd99471ecdeae1ad6ccd3a88.jpg,YATRAAUDC,https://www.yatra.com/offer/details/au-debit-card-offer,,AU Royale Debit Card,
"Up to Rs. 4,500",https://www.yatra.com/ythomepagecms/media/todayspick_home/2025/Jul/4f2d96e7fd99471ecdeae1ad6ccd3a88.jpg,YATRAAUDC,https://www.yatra.com/offer/details/au-debit-card-offer,,AU Visa Gold Debit Card,
"Up to Rs. 4,500",https://www.yatra.com/ythomepagecms/media/todayspick_home/2025/Jul/4f2d96e7fd99471ecdeae1ad6ccd3a88.jpg,YATRAAUDC,https://www.yatra.com/offer/details/au-debit-card-offer,,AU Platinum Debit Card,
"Up to Rs. 4,500",https://www.yatra.com/ythomepagecms/media/todayspick_home/2025/Jul/4f2d96e7fd99471ecdeae1ad6ccd3a88.jpg,YATRAAUDC,https://www.yatra.com/offer/details/au-debit-card-offer,,AU Royale World Debit Card,
"Up to Rs. 4,500",https://www.yatra.com/ythomepagecms/media/todayspick_home/2025/Jul/4f2d96e7fd99471ecdeae1ad6ccd3a88.jpg,YATRAAUDC,https://www.yatra.com/offer/details/au-debit-card-offer,,AU RuPay Platinum Debit Card,
"Up to Rs. 4,500",https://www.yatra.com/ythomepagecms/media/todayspick_home/2025/Jul/4f2d96e7fd99471ecdeae1ad6ccd3a88.jpg,YATRAAUDC,https://www.yatra.com/offer/details/au-debit-card-offer,,AU RuPay Classic Debit Card,
"Up to Rs. 4,500",https://www.yatra.com/ythomepagecms/media/todayspick_home/2025/Jul/4f2d96e7fd99471ecdeae1ad6ccd3a88.jpg,YATRAAUDC,https://www.yatra.com/offer/details/au-debit-card-offer,,AU Visa Business Platinum Debit Card,
"Up to Rs. 4,500",https://www.yatra.com/ythomepagecms/media/todayspick_home/2025/Jul/4f2d96e7fd99471ecdeae1ad6ccd3a88.jpg,YATRAAUDC,https://www.yatra.com/offer/details/au-debit-card-offer,,AU Mastercard Platinum Debit Card,
"Flat 10% OFF (Up to Rs. 5,000)",https://www.yatra.com/ythomepagecms/media/todayspick_home/2025/Sep/003cbf8a3ee7c750f69c189d880d38b9.jpg,KOTAKEMI,https://www.yatra.com/offer/details/kotak-bank-emi-offers,Indianoil Kotak Credit Card,,
"Flat 10% OFF (Up to Rs. 5,000)",https://www.yatra.com/ythomepagecms/media/todayspick_home/2025/Sep/003cbf8a3ee7c750f69c189d880d38b9.jpg,KOTAKEMI,https://www.yatra.com/offer/details/kotak-bank-emi-offers,Kotak 811 Credit Card,,
"Flat 10% OFF (Up to Rs. 5,000)",https://www.yatra.com/ythomepagecms/media/todayspick_home/2025/Sep/003cbf8a3ee7c750f69c189d880d38b9.jpg,KOTAKEMI,https://www.yatra.com/offer/details/kotak-bank-emi-offers,Kotak 811 Dream Different Credit Card,,
"Flat 10% OFF (Up to Rs. 5,000)",https://www.yatra.com/ythomepagecms/media/todayspick_home/2025/Sep/003cbf8a3ee7c750f69c189d880d38b9.jpg,KOTAKEMI,https://www.yatra.com/offer/details/kotak-bank-emi-offers,Kotak IndiGo 6E Rewards Credit Card,,
"Flat 10% OFF (Up to Rs. 5,000)",https://www.yatra.com/ythomepagecms/media/todayspick_home/2025/Sep/003cbf8a3ee7c750f69c189d880d38b9.jpg,KOTAKEMI,https://www.yatra.com/offer/details/kotak-bank-emi-offers,Kotak IndiGo 6E Rewards XL Credit Card,,
"Flat 10% OFF (Up to Rs. 5,000)",https://www.yatra.com/ythomepagecms/media/todayspick_home/2025/Sep/003cbf8a3ee7c750f69c189d880d38b9.jpg,KOTAKEMI,https://www.yatra.com/offer/details/kotak-bank-emi-offers,Kotak League Platinum Credit Card,,
"Flat 10% OFF (Up to Rs. 5,000)",https://www.yatra.com/ythomepagecms/media/todayspick_home/2025/Sep/003cbf8a3ee7c750f69c189d880d38b9.jpg,KOTAKEMI,https://www.yatra.com/offer/details/kotak-bank-emi-offers,Kotak Mojo Platinum Credit Card,,
"Flat 10% OFF (Up to Rs. 5,000)",https://www.yatra.com/ythomepagecms/media/todayspick_home/2025/Sep/003cbf8a3ee7c750f69c189d880d38b9.jpg,KOTAKEMI,https://www.yatra.com/offer/details/kotak-bank-emi-offers,Kotak Urbane Gold Credit Card,,
"Flat 10% OFF (Up to Rs. 5,000)",https://www.yatra.com/ythomepagecms/media/todayspick_home/2025/Sep/003cbf8a3ee7c750f69c189d880d38b9.jpg,KOTAKEMI,https://www.yatra.com/offer/details/kotak-bank-emi-offers,Kotak White Credit Card,,
"Flat 10% OFF (Up to Rs. 5,000)",https://www.yatra.com/ythomepagecms/media/todayspick_home/2025/Sep/003cbf8a3ee7c750f69c189d880d38b9.jpg,KOTAKEMI,https://www.yatra.com/offer/details/kotak-bank-emi-offers,Kotak Zen Signature Credit Card,,
"Flat 10% OFF (Up to Rs. 5,000)",https://www.yatra.com/ythomepagecms/media/todayspick_home/2025/Sep/003cbf8a3ee7c750f69c189d880d38b9.jpg,KOTAKEMI,https://www.yatra.com/offer/details/kotak-bank-emi-offers,Myntra Kotak Credit Card,,
"Flat 10% OFF (Up to Rs. 5,000)",https://www.yatra.com/ythomepagecms/media/todayspick_home/2025/Sep/003cbf8a3ee7c750f69c189d880d38b9.jpg,KOTAKEMI,https://www.yatra.com/offer/details/kotak-bank-emi-offers,PVR Inox Kotak Credit Card,,
"Up to Rs. 10,000 OFF",https://www.yatra.com/ythomepagecms/media/todayspick_home/2025/Aug/f289b864cb9544be5623a4d4e35cdf71.jpg,YATRAHSBC,https://www.yatra.com/offer/details/hsbc-credit-card-sale,HSBC Live+ Credit Card,,
"Up to Rs. 10,000 OFF",https://www.yatra.com/ythomepagecms/media/todayspick_home/2025/Aug/f289b864cb9544be5623a4d4e35cdf71.jpg,YATRAHSBC,https://www.yatra.com/offer/details/hsbc-credit-card-sale,HSBC Premier Mastercard Credit Card,,
"Up to Rs. 10,000 OFF",https://www.yatra.com/ythomepagecms/media/todayspick_home/2025/Aug/f289b864cb9544be5623a4d4e35cdf71.jpg,YATRAHSBC,https://www.yatra.com/offer/details/hsbc-credit-card-sale,HSBC Taj Credit Card,,
"Up to Rs. 10,000 OFF",https://www.yatra.com/ythomepagecms/media/todayspick_home/2025/Aug/f289b864cb9544be5623a4d4e35cdf71.jpg,YATRAHSBC,https://www.yatra.com/offer/details/hsbc-credit-card-sale,HSBC TravelOne Credit Card,,
"Up to Rs. 10,000 OFF",https://www.yatra.com/ythomepagecms/media/todayspick_home/2025/Aug/f289b864cb9544be5623a4d4e35cdf71.jpg,YATRAHSBC,https://www.yatra.com/offer/details/hsbc-credit-card-sale,HSBC Visa Platinum Credit Card,,
"Up to Rs. 10,000 OFF*",https://www.yatra.com/ythomepagecms/media/todayspick_home/2025/Sep/d6440480bf128b5ac80477ee19c72869.jpg,YTRRBL,https://www.yatra.com/offer/details/rbl-credit-card-offers,IRCTC RBL Bank Credit Card,,
"Up to Rs. 10,000 OFF*",https://www.yatra.com/ythomepagecms/media/todayspick_home/2025/Sep/d6440480bf128b5ac80477ee19c72869.jpg,YTRRBL,https://www.yatra.com/offer/details/rbl-credit-card-offers,IndianOil RBL Bank Credit Card,,
"Up to Rs. 10,000 OFF*",https://www.yatra.com/ythomepagecms/media/todayspick_home/2025/Sep/d6440480bf128b5ac80477ee19c72869.jpg,YTRRBL,https://www.yatra.com/offer/details/rbl-credit-card-offers,IndianOil RBL Bank RuPay Credit Card,,
"Up to Rs. 10,000 OFF*",https://www.yatra.com/ythomepagecms/media/todayspick_home/2025/Sep/d6440480bf128b5ac80477ee19c72869.jpg,YTRRBL,https://www.yatra.com/offer/details/rbl-credit-card-offers,IndianOil RBL Bank XTRA RuPay Credit Card,,
"Up to Rs. 10,000 OFF*",https://www.yatra.com/ythomepagecms/media/todayspick_home/2025/Sep/d6440480bf128b5ac80477ee19c72869.jpg,YTRRBL,https://www.yatra.com/offer/details/rbl-credit-card-offers,Indianoil RBL Bank Xtra Credit Card,,
"Up to Rs. 10,000 OFF*",https://www.yatra.com/ythomepagecms/media/todayspick_home/2025/Sep/d6440480bf128b5ac80477ee19c72869.jpg,YTRRBL,https://www.yatra.com/offer/details/rbl-credit-card-offers,RBL Bank Bankbazaar Savemax Credit Card,,
"Up to Rs. 10,000 OFF*",https://www.yatra.com/ythomepagecms/media/todayspick_home/2025/Sep/d6440480bf128b5ac80477ee19c72869.jpg,YTRRBL,https://www.yatra.com/offer/details/rbl-credit-card-offers,RBL Bank Bankbazaar Savemax Pro Credit Card,,
"Up to Rs. 10,000 OFF*",https://www.yatra.com/ythomepagecms/media/todayspick_home/2025/Sep/d6440480bf128b5ac80477ee19c72869.jpg,YTRRBL,https://www.yatra.com/offer/details/rbl-credit-card-offers,RBL Bank Binge Credit Card,,
"Up to Rs. 10,000 OFF*",https://www.yatra.com/ythomepagecms/media/todayspick_home/2025/Sep/d6440480bf128b5ac80477ee19c72869.jpg,YTRRBL,https://www.yatra.com/offer/details/rbl-credit-card-offers,RBL Bank Binge MasterCard Credit Card,,
"Up to Rs. 10,000 OFF*",https://www.yatra.com/ythomepagecms/media/todayspick_home/2025/Sep/d6440480bf128b5ac80477ee19c72869.jpg,YTRRBL,https://www.yatra.com/offer/details/rbl-credit-card-offers,RBL Bank Cookie Credit Card,,
"Up to Rs. 10,000 OFF*",https://www.yatra.com/ythomepagecms/media/todayspick_home/2025/Sep/d6440480bf128b5ac80477ee19c72869.jpg,YTRRBL,https://www.yatra.com/offer/details/rbl-credit-card-offers,RBL Bank DMI Finance Credit Card,,
"Up to Rs. 10,000 OFF*",https://www.yatra.com/ythomepagecms/media/todayspick_home/2025/Sep/d6440480bf128b5ac80477ee19c72869.jpg,YTRRBL,https://www.yatra.com/offer/details/rbl-credit-card-offers,RBL Bank EasySaver Credit Card,,
"Up to Rs. 10,000 OFF*",https://www.yatra.com/ythomepagecms/media/todayspick_home/2025/Sep/d6440480bf128b5ac80477ee19c72869.jpg,YTRRBL,https://www.yatra.com/offer/details/rbl-credit-card-offers,RBL Bank EasySaver Visa Credit Card,,
"Up to Rs. 10,000 OFF*",https://www.yatra.com/ythomepagecms/media/todayspick_home/2025/Sep/d6440480bf128b5ac80477ee19c72869.jpg,YTRRBL,https://www.yatra.com/offer/details/rbl-credit-card-offers,RBL Bank Icon Credit Card,,
"Up to Rs. 10,000 OFF*",https://www.yatra.com/ythomepagecms/media/todayspick_home/2025/Sep/d6440480bf128b5ac80477ee19c72869.jpg,YTRRBL,https://www.yatra.com/offer/details/rbl-credit-card-offers,RBL Bank Insignia Preferred Banking Card,,
"Up to Rs. 10,000 OFF*",https://www.yatra.com/ythomepagecms/media/todayspick_home/2025/Sep/d6440480bf128b5ac80477ee19c72869.jpg,YTRRBL,https://www.yatra.com/offer/details/rbl-credit-card-offers,RBL Bank Lazy Pay Credit Card,,
"Up to Rs. 10,000 OFF*",https://www.yatra.com/ythomepagecms/media/todayspick_home/2025/Sep/d6440480bf128b5ac80477ee19c72869.jpg,YTRRBL,https://www.yatra.com/offer/details/rbl-credit-card-offers,RBL Bank Mocash Credit Card,,
"Up to Rs. 10,000 OFF*",https://www.yatra.com/ythomepagecms/media/todayspick_home/2025/Sep/d6440480bf128b5ac80477ee19c72869.jpg,YTRRBL,https://www.yatra.com/offer/details/rbl-credit-card-offers,RBL Bank MoneyTap Black Card,,
"Up to Rs. 10,000 OFF*",https://www.yatra.com/ythomepagecms/media/todayspick_home/2025/Sep/d6440480bf128b5ac80477ee19c72869.jpg,YTRRBL,https://www.yatra.com/offer/details/rbl-credit-card-offers,RBL Bank MoneyTap Credit Card,,
"Up to Rs. 10,000 OFF*",https://www.yatra.com/ythomepagecms/media/todayspick_home/2025/Sep/d6440480bf128b5ac80477ee19c72869.jpg,YTRRBL,https://www.yatra.com/offer/details/rbl-credit-card-offers,RBL Bank Monthly Treats Credit Card,,
"Up to Rs. 10,000 OFF*",https://www.yatra.com/ythomepagecms/media/todayspick_home/2025/Sep/d6440480bf128b5ac80477ee19c72869.jpg,YTRRBL,https://www.yatra.com/offer/details/rbl-credit-card-offers,RBL Bank Movies,,
"Up to Rs. 10,000 OFF*",https://www.yatra.com/ythomepagecms/media/todayspick_home/2025/Sep/d6440480bf128b5ac80477ee19c72869.jpg,YTRRBL,https://www.yatra.com/offer/details/rbl-credit-card-offers,More Credit Card,,
"Up to Rs. 10,000 OFF*",https://www.yatra.com/ythomepagecms/media/todayspick_home/2025/Sep/d6440480bf128b5ac80477ee19c72869.jpg,YTRRBL,https://www.yatra.com/offer/details/rbl-credit-card-offers,RBL Bank MyFirst Credit Card,,
"Up to Rs. 10,000 OFF*",https://www.yatra.com/ythomepagecms/media/todayspick_home/2025/Sep/d6440480bf128b5ac80477ee19c72869.jpg,YTRRBL,https://www.yatra.com/offer/details/rbl-credit-card-offers,RBL Bank MyFirst Mastercard Credit Card,,
"Up to Rs. 10,000 OFF*",https://www.yatra.com/ythomepagecms/media/todayspick_home/2025/Sep/d6440480bf128b5ac80477ee19c72869.jpg,YTRRBL,https://www.yatra.com/offer/details/rbl-credit-card-offers,RBL Bank Novio RuPay Credit Card,,
"Up to Rs. 10,000 OFF*",https://www.yatra.com/ythomepagecms/media/todayspick_home/2025/Sep/d6440480bf128b5ac80477ee19c72869.jpg,YTRRBL,https://www.yatra.com/offer/details/rbl-credit-card-offers,RBL Bank Paisabazaar Duet Card,,
"Up to Rs. 10,000 OFF*",https://www.yatra.com/ythomepagecms/media/todayspick_home/2025/Sep/d6440480bf128b5ac80477ee19c72869.jpg,YTRRBL,https://www.yatra.com/offer/details/rbl-credit-card-offers,RBL Bank Paisabazaar Duet Plus Card,,
"Up to Rs. 10,000 OFF*",https://www.yatra.com/ythomepagecms/media/todayspick_home/2025/Sep/d6440480bf128b5ac80477ee19c72869.jpg,YTRRBL,https://www.yatra.com/offer/details/rbl-credit-card-offers,RBL Bank Patanjali Swarn RuPay Card,,
"Up to Rs. 10,000 OFF*",https://www.yatra.com/ythomepagecms/media/todayspick_home/2025/Sep/d6440480bf128b5ac80477ee19c72869.jpg,YTRRBL,https://www.yatra.com/offer/details/rbl-credit-card-offers,RBL Bank Patanjali Vishisht RuPay Card,,
"Up to Rs. 10,000 OFF*",https://www.yatra.com/ythomepagecms/media/todayspick_home/2025/Sep/d6440480bf128b5ac80477ee19c72869.jpg,YTRRBL,https://www.yatra.com/offer/details/rbl-credit-card-offers,RBL Bank Platinum Advantage Credit Card,,
"Up to Rs. 10,000 OFF*",https://www.yatra.com/ythomepagecms/media/todayspick_home/2025/Sep/d6440480bf128b5ac80477ee19c72869.jpg,YTRRBL,https://www.yatra.com/offer/details/rbl-credit-card-offers,RBL Bank Platinum Bonus Credit Card,,
"Up to Rs. 10,000 OFF*",https://www.yatra.com/ythomepagecms/media/todayspick_home/2025/Sep/d6440480bf128b5ac80477ee19c72869.jpg,YTRRBL,https://www.yatra.com/offer/details/rbl-credit-card-offers,RBL Bank Platinum Choice Credit Card,,
"Up to Rs. 10,000 OFF*",https://www.yatra.com/ythomepagecms/media/todayspick_home/2025/Sep/d6440480bf128b5ac80477ee19c72869.jpg,YTRRBL,https://www.yatra.com/offer/details/rbl-credit-card-offers,RBL Bank Platinum Choice Visa Credit Card,,
"Up to Rs. 10,000 OFF*",https://www.yatra.com/ythomepagecms/media/todayspick_home/2025/Sep/d6440480bf128b5ac80477ee19c72869.jpg,YTRRBL,https://www.yatra.com/offer/details/rbl-credit-card-offers,RBL Bank Platinum Classic Credit Card,,
"Up to Rs. 10,000 OFF*",https://www.yatra.com/ythomepagecms/media/todayspick_home/2025/Sep/d6440480bf128b5ac80477ee19c72869.jpg,YTRRBL,https://www.yatra.com/offer/details/rbl-credit-card-offers,RBL Bank Platinum Delight Credit Card,,
"Up to Rs. 10,000 OFF*",https://www.yatra.com/ythomepagecms/media/todayspick_home/2025/Sep/d6440480bf128b5ac80477ee19c72869.jpg,YTRRBL,https://www.yatra.com/offer/details/rbl-credit-card-offers,RBL Bank Platinum Edge Credit Card,,
"Up to Rs. 10,000 OFF*",https://www.yatra.com/ythomepagecms/media/todayspick_home/2025/Sep/d6440480bf128b5ac80477ee19c72869.jpg,YTRRBL,https://www.yatra.com/offer/details/rbl-credit-card-offers,RBL Bank Platinum Edge MasterCard,,
"Up to Rs. 10,000 OFF*",https://www.yatra.com/ythomepagecms/media/todayspick_home/2025/Sep/d6440480bf128b5ac80477ee19c72869.jpg,YTRRBL,https://www.yatra.com/offer/details/rbl-credit-card-offers,RBL Bank Platinum LifeEasy Credit Card,,
"Up to Rs. 10,000 OFF*",https://www.yatra.com/ythomepagecms/media/todayspick_home/2025/Sep/d6440480bf128b5ac80477ee19c72869.jpg,YTRRBL,https://www.yatra.com/offer/details/rbl-credit-card-offers,RBL Bank Platinum LifeEasy Visa Credit Card,,
"Up to Rs. 10,000 OFF*",https://www.yatra.com/ythomepagecms/media/todayspick_home/2025/Sep/d6440480bf128b5ac80477ee19c72869.jpg,YTRRBL,https://www.yatra.com/offer/details/rbl-credit-card-offers,RBL Bank Platinum Maxima Credit Card,,
"Up to Rs. 10,000 OFF*",https://www.yatra.com/ythomepagecms/media/todayspick_home/2025/Sep/d6440480bf128b5ac80477ee19c72869.jpg,YTRRBL,https://www.yatra.com/offer/details/rbl-credit-card-offers,RBL Bank Platinum Plus Credit Card,,
"Up to Rs. 10,000 OFF*",https://www.yatra.com/ythomepagecms/media/todayspick_home/2025/Sep/d6440480bf128b5ac80477ee19c72869.jpg,YTRRBL,https://www.yatra.com/offer/details/rbl-credit-card-offers,RBL Bank Platinum Plus Visa Credit Card,,
"Up to Rs. 10,000 OFF*",https://www.yatra.com/ythomepagecms/media/todayspick_home/2025/Sep/d6440480bf128b5ac80477ee19c72869.jpg,YTRRBL,https://www.yatra.com/offer/details/rbl-credit-card-offers,RBL Bank Platinum Prime Credit Card,,
"Up to Rs. 10,000 OFF*",https://www.yatra.com/ythomepagecms/media/todayspick_home/2025/Sep/d6440480bf128b5ac80477ee19c72869.jpg,YTRRBL,https://www.yatra.com/offer/details/rbl-credit-card-offers,RBL Bank Platinum ShopDaily Credit Card,,
"Up to Rs. 10,000 OFF*",https://www.yatra.com/ythomepagecms/media/todayspick_home/2025/Sep/d6440480bf128b5ac80477ee19c72869.jpg,YTRRBL,https://www.yatra.com/offer/details/rbl-credit-card-offers,RBL Bank Platinum ShopDaily Visa Credit Card,,
"Up to Rs. 10,000 OFF*",https://www.yatra.com/ythomepagecms/media/todayspick_home/2025/Sep/d6440480bf128b5ac80477ee19c72869.jpg,YTRRBL,https://www.yatra.com/offer/details/rbl-credit-card-offers,RBL Bank Platinum ShopSmart MasterCard Credit Card,,
"Up to Rs. 10,000 OFF*",https://www.yatra.com/ythomepagecms/media/todayspick_home/2025/Sep/d6440480bf128b5ac80477ee19c72869.jpg,YTRRBL,https://www.yatra.com/offer/details/rbl-credit-card-offers,RBL Bank Platinum Shopgain  Credit Card,,
"Up to Rs. 10,000 OFF*",https://www.yatra.com/ythomepagecms/media/todayspick_home/2025/Sep/d6440480bf128b5ac80477ee19c72869.jpg,YTRRBL,https://www.yatra.com/offer/details/rbl-credit-card-offers,RBL Bank Platinum Shopgain Visa Credit Card,,
"Up to Rs. 10,000 OFF*",https://www.yatra.com/ythomepagecms/media/todayspick_home/2025/Sep/d6440480bf128b5ac80477ee19c72869.jpg,YTRRBL,https://www.yatra.com/offer/details/rbl-credit-card-offers,RBL Bank Platinum Shopsmart Credit Card,,
"Up to Rs. 10,000 OFF*",https://www.yatra.com/ythomepagecms/media/todayspick_home/2025/Sep/d6440480bf128b5ac80477ee19c72869.jpg,YTRRBL,https://www.yatra.com/offer/details/rbl-credit-card-offers,RBL Bank Platinum TravelEasy Credit Card,,
"Up to Rs. 10,000 OFF*",https://www.yatra.com/ythomepagecms/media/todayspick_home/2025/Sep/d6440480bf128b5ac80477ee19c72869.jpg,YTRRBL,https://www.yatra.com/offer/details/rbl-credit-card-offers,RBL Bank Platinum TravelEasy Visa Credit Card,,
"Up to Rs. 10,000 OFF*",https://www.yatra.com/ythomepagecms/media/todayspick_home/2025/Sep/d6440480bf128b5ac80477ee19c72869.jpg,YTRRBL,https://www.yatra.com/offer/details/rbl-credit-card-offers,RBL Bank Platinum ValuePlus Credit Card,,
"Up to Rs. 10,000 OFF*",https://www.yatra.com/ythomepagecms/media/todayspick_home/2025/Sep/d6440480bf128b5ac80477ee19c72869.jpg,YTRRBL,https://www.yatra.com/offer/details/rbl-credit-card-offers,RBL Bank Platinum ValuePlus MasterCard Credit Card,,
"Up to Rs. 10,000 OFF*",https://www.yatra.com/ythomepagecms/media/todayspick_home/2025/Sep/d6440480bf128b5ac80477ee19c72869.jpg,YTRRBL,https://www.yatra.com/offer/details/rbl-credit-card-offers,RBL Bank Play Credit Card,,
"Up to Rs. 10,000 OFF*",https://www.yatra.com/ythomepagecms/media/todayspick_home/2025/Sep/d6440480bf128b5ac80477ee19c72869.jpg,YTRRBL,https://www.yatra.com/offer/details/rbl-credit-card-offers,RBL Bank Play Credit Card,,
"Up to Rs. 10,000 OFF*",https://www.yatra.com/ythomepagecms/media/todayspick_home/2025/Sep/d6440480bf128b5ac80477ee19c72869.jpg,YTRRBL,https://www.yatra.com/offer/details/rbl-credit-card-offers,RBL Bank SalarySe Up RuPay Credit Card,,
"Up to Rs. 10,000 OFF*",https://www.yatra.com/ythomepagecms/media/todayspick_home/2025/Sep/d6440480bf128b5ac80477ee19c72869.jpg,YTRRBL,https://www.yatra.com/offer/details/rbl-credit-card-offers,RBL Bank Shoprite Credit Card,,
"Up to Rs. 10,000 OFF*",https://www.yatra.com/ythomepagecms/media/todayspick_home/2025/Sep/d6440480bf128b5ac80477ee19c72869.jpg,YTRRBL,https://www.yatra.com/offer/details/rbl-credit-card-offers,RBL Bank VCard,,
"Up to Rs. 10,000 OFF*",https://www.yatra.com/ythomepagecms/media/todayspick_home/2025/Sep/d6440480bf128b5ac80477ee19c72869.jpg,YTRRBL,https://www.yatra.com/offer/details/rbl-credit-card-offers,RBL Bank World Max Credit Card,,
"Up to Rs. 10,000 OFF*",https://www.yatra.com/ythomepagecms/media/todayspick_home/2025/Sep/d6440480bf128b5ac80477ee19c72869.jpg,YTRRBL,https://www.yatra.com/offer/details/rbl-credit-card-offers,RBL Bank World Max MasterCard Credit Card,,
"Up to Rs. 10,000 OFF*",https://www.yatra.com/ythomepagecms/media/todayspick_home/2025/Sep/d6440480bf128b5ac80477ee19c72869.jpg,YTRRBL,https://www.yatra.com/offer/details/rbl-credit-card-offers,RBL Bank World Plus Credit Card,,
"Up to Rs. 10,000 OFF*",https://www.yatra.com/ythomepagecms/media/todayspick_home/2025/Sep/d6440480bf128b5ac80477ee19c72869.jpg,YTRRBL,https://www.yatra.com/offer/details/rbl-credit-card-offers,RBL Bank World Plus MasterCard Credit Card,,
"Up to Rs. 10,000 OFF*",https://www.yatra.com/ythomepagecms/media/todayspick_home/2025/Sep/d6440480bf128b5ac80477ee19c72869.jpg,YTRRBL,https://www.yatra.com/offer/details/rbl-credit-card-offers,RBL Bank World Prime Credit Card,,
"Up to Rs. 10,000 OFF*",https://www.yatra.com/ythomepagecms/media/todayspick_home/2025/Sep/d6440480bf128b5ac80477ee19c72869.jpg,YTRRBL,https://www.yatra.com/offer/details/rbl-credit-card-offers,RBL Bank World Prime Visa Credit Card,,
"Up to Rs. 10,000 OFF*",https://www.yatra.com/ythomepagecms/media/todayspick_home/2025/Sep/d6440480bf128b5ac80477ee19c72869.jpg,YTRRBL,https://www.yatra.com/offer/details/rbl-credit-card-offers,RBL Bank World Safari Credit Card,,
"Up to Rs. 10,000 OFF*",https://www.yatra.com/ythomepagecms/media/todayspick_home/2025/Sep/d6440480bf128b5ac80477ee19c72869.jpg,YTRRBL,https://www.yatra.com/offer/details/rbl-credit-card-offers,RBL Bank iGlobe Credit Card,,
"Up to Rs. 10,000 OFF*",https://www.yatra.com/ythomepagecms/media/todayspick_home/2025/Sep/d6440480bf128b5ac80477ee19c72869.jpg,YTRRBL,https://www.yatra.com/offer/details/rbl-credit-card-offers,RBL Platinum Maxima Plus Card,,
"Up to Rs. 10,000 OFF*",https://www.yatra.com/ythomepagecms/media/todayspick_home/2025/Sep/d6440480bf128b5ac80477ee19c72869.jpg,YTRRBL,https://www.yatra.com/offer/details/rbl-credit-card-offers,TVS Credit RBL Bank Card,,
"Up to Rs. 10,000 OFF*",https://www.yatra.com/ythomepagecms/media/todayspick_home/2025/Sep/d6440480bf128b5ac80477ee19c72869.jpg,YTRRBL,https://www.yatra.com/offer/details/rbl-credit-card-offers,TVS Credit RBL Bank Gold Mastercard Card,,
"Flat 10% OFF (Up to Rs.5,000)",https://www.yatra.com/ythomepagecms/media/todayspick_home/2025/Sep/334a69cda2740c2e52f428ab04cb0990.jpg,YRHSBCEMI,https://www.yatra.com/offer/details/hsbc-bank-emi-offer,HSBC Live+ Credit Card,,
"Flat 10% OFF (Up to Rs.5,000)",https://www.yatra.com/ythomepagecms/media/todayspick_home/2025/Sep/334a69cda2740c2e52f428ab04cb0990.jpg,YRHSBCEMI,https://www.yatra.com/offer/details/hsbc-bank-emi-offer,HSBC Premier Mastercard Credit Card,,
"Flat 10% OFF (Up to Rs.5,000)",https://www.yatra.com/ythomepagecms/media/todayspick_home/2025/Sep/334a69cda2740c2e52f428ab04cb0990.jpg,YRHSBCEMI,https://www.yatra.com/offer/details/hsbc-bank-emi-offer,HSBC Taj Credit Card,,
"Flat 10% OFF (Up to Rs.5,000)",https://www.yatra.com/ythomepagecms/media/todayspick_home/2025/Sep/334a69cda2740c2e52f428ab04cb0990.jpg,YRHSBCEMI,https://www.yatra.com/offer/details/hsbc-bank-emi-offer,HSBC TravelOne Credit Card,,
"Flat 10% OFF (Up to Rs.5,000)",https://www.yatra.com/ythomepagecms/media/todayspick_home/2025/Sep/334a69cda2740c2e52f428ab04cb0990.jpg,YRHSBCEMI,https://www.yatra.com/offer/details/hsbc-bank-emi-offer,HSBC Visa Platinum Credit Card,,
"Flat 10% OFF (Up to Rs. 7,000)",https://www.yatra.com/ythomepagecms/media/todayspick_home/2025/Sep/5897e9459cd906b288edaafd69439f27.jpg,YTRBLEMI,https://www.yatra.com/offer/details/rbl-card-emi-offers,IRCTC RBL Bank Credit Card,,
"Flat 10% OFF (Up to Rs. 7,000)",https://www.yatra.com/ythomepagecms/media/todayspick_home/2025/Sep/5897e9459cd906b288edaafd69439f27.jpg,YTRBLEMI,https://www.yatra.com/offer/details/rbl-card-emi-offers,IndianOil RBL Bank Credit Card,,
"Flat 10% OFF (Up to Rs. 7,000)",https://www.yatra.com/ythomepagecms/media/todayspick_home/2025/Sep/5897e9459cd906b288edaafd69439f27.jpg,YTRBLEMI,https://www.yatra.com/offer/details/rbl-card-emi-offers,IndianOil RBL Bank RuPay Credit Card,,
"Flat 10% OFF (Up to Rs. 7,000)",https://www.yatra.com/ythomepagecms/media/todayspick_home/2025/Sep/5897e9459cd906b288edaafd69439f27.jpg,YTRBLEMI,https://www.yatra.com/offer/details/rbl-card-emi-offers,IndianOil RBL Bank XTRA RuPay Credit Card,,
"Flat 10% OFF (Up to Rs. 7,000)",https://www.yatra.com/ythomepagecms/media/todayspick_home/2025/Sep/5897e9459cd906b288edaafd69439f27.jpg,YTRBLEMI,https://www.yatra.com/offer/details/rbl-card-emi-offers,Indianoil RBL Bank Xtra Credit Card,,
"Flat 10% OFF (Up to Rs. 7,000)",https://www.yatra.com/ythomepagecms/media/todayspick_home/2025/Sep/5897e9459cd906b288edaafd69439f27.jpg,YTRBLEMI,https://www.yatra.com/offer/details/rbl-card-emi-offers,RBL Bank Bankbazaar Savemax Credit Card,,
"Flat 10% OFF (Up to Rs. 7,000)",https://www.yatra.com/ythomepagecms/media/todayspick_home/2025/Sep/5897e9459cd906b288edaafd69439f27.jpg,YTRBLEMI,https://www.yatra.com/offer/details/rbl-card-emi-offers,RBL Bank Bankbazaar Savemax Pro Credit Card,,
"Flat 10% OFF (Up to Rs. 7,000)",https://www.yatra.com/ythomepagecms/media/todayspick_home/2025/Sep/5897e9459cd906b288edaafd69439f27.jpg,YTRBLEMI,https://www.yatra.com/offer/details/rbl-card-emi-offers,RBL Bank Binge Credit Card,,
"Flat 10% OFF (Up to Rs. 7,000)",https://www.yatra.com/ythomepagecms/media/todayspick_home/2025/Sep/5897e9459cd906b288edaafd69439f27.jpg,YTRBLEMI,https://www.yatra.com/offer/details/rbl-card-emi-offers,RBL Bank Binge MasterCard Credit Card,,
"Flat 10% OFF (Up to Rs. 7,000)",https://www.yatra.com/ythomepagecms/media/todayspick_home/2025/Sep/5897e9459cd906b288edaafd69439f27.jpg,YTRBLEMI,https://www.yatra.com/offer/details/rbl-card-emi-offers,RBL Bank Cookie Credit Card,,
"Flat 10% OFF (Up to Rs. 7,000)",https://www.yatra.com/ythomepagecms/media/todayspick_home/2025/Sep/5897e9459cd906b288edaafd69439f27.jpg,YTRBLEMI,https://www.yatra.com/offer/details/rbl-card-emi-offers,RBL Bank DMI Finance Credit Card,,
"Flat 10% OFF (Up to Rs. 7,000)",https://www.yatra.com/ythomepagecms/media/todayspick_home/2025/Sep/5897e9459cd906b288edaafd69439f27.jpg,YTRBLEMI,https://www.yatra.com/offer/details/rbl-card-emi-offers,RBL Bank EasySaver Credit Card,,
"Flat 10% OFF (Up to Rs. 7,000)",https://www.yatra.com/ythomepagecms/media/todayspick_home/2025/Sep/5897e9459cd906b288edaafd69439f27.jpg,YTRBLEMI,https://www.yatra.com/offer/details/rbl-card-emi-offers,RBL Bank EasySaver Visa Credit Card,,
"Flat 10% OFF (Up to Rs. 7,000)",https://www.yatra.com/ythomepagecms/media/todayspick_home/2025/Sep/5897e9459cd906b288edaafd69439f27.jpg,YTRBLEMI,https://www.yatra.com/offer/details/rbl-card-emi-offers,RBL Bank Icon Credit Card,,
"Flat 10% OFF (Up to Rs. 7,000)",https://www.yatra.com/ythomepagecms/media/todayspick_home/2025/Sep/5897e9459cd906b288edaafd69439f27.jpg,YTRBLEMI,https://www.yatra.com/offer/details/rbl-card-emi-offers,RBL Bank Insignia Preferred Banking Card,,
"Flat 10% OFF (Up to Rs. 7,000)",https://www.yatra.com/ythomepagecms/media/todayspick_home/2025/Sep/5897e9459cd906b288edaafd69439f27.jpg,YTRBLEMI,https://www.yatra.com/offer/details/rbl-card-emi-offers,RBL Bank Lazy Pay Credit Card,,
"Flat 10% OFF (Up to Rs. 7,000)",https://www.yatra.com/ythomepagecms/media/todayspick_home/2025/Sep/5897e9459cd906b288edaafd69439f27.jpg,YTRBLEMI,https://www.yatra.com/offer/details/rbl-card-emi-offers,RBL Bank Mocash Credit Card,,
"Flat 10% OFF (Up to Rs. 7,000)",https://www.yatra.com/ythomepagecms/media/todayspick_home/2025/Sep/5897e9459cd906b288edaafd69439f27.jpg,YTRBLEMI,https://www.yatra.com/offer/details/rbl-card-emi-offers,RBL Bank MoneyTap Black Card,,
"Flat 10% OFF (Up to Rs. 7,000)",https://www.yatra.com/ythomepagecms/media/todayspick_home/2025/Sep/5897e9459cd906b288edaafd69439f27.jpg,YTRBLEMI,https://www.yatra.com/offer/details/rbl-card-emi-offers,RBL Bank MoneyTap Credit Card,,
"Flat 10% OFF (Up to Rs. 7,000)",https://www.yatra.com/ythomepagecms/media/todayspick_home/2025/Sep/5897e9459cd906b288edaafd69439f27.jpg,YTRBLEMI,https://www.yatra.com/offer/details/rbl-card-emi-offers,RBL Bank Monthly Treats Credit Card,,
"Flat 10% OFF (Up to Rs. 7,000)",https://www.yatra.com/ythomepagecms/media/todayspick_home/2025/Sep/5897e9459cd906b288edaafd69439f27.jpg,YTRBLEMI,https://www.yatra.com/offer/details/rbl-card-emi-offers,RBL Bank Movies,,
"Flat 10% OFF (Up to Rs. 7,000)",https://www.yatra.com/ythomepagecms/media/todayspick_home/2025/Sep/5897e9459cd906b288edaafd69439f27.jpg,YTRBLEMI,https://www.yatra.com/offer/details/rbl-card-emi-offers,More Credit Card,,
"Flat 10% OFF (Up to Rs. 7,000)",https://www.yatra.com/ythomepagecms/media/todayspick_home/2025/Sep/5897e9459cd906b288edaafd69439f27.jpg,YTRBLEMI,https://www.yatra.com/offer/details/rbl-card-emi-offers,RBL Bank MyFirst Credit Card,,
"Flat 10% OFF (Up to Rs. 7,000)",https://www.yatra.com/ythomepagecms/media/todayspick_home/2025/Sep/5897e9459cd906b288edaafd69439f27.jpg,YTRBLEMI,https://www.yatra.com/offer/details/rbl-card-emi-offers,RBL Bank MyFirst Mastercard Credit Card,,
"Flat 10% OFF (Up to Rs. 7,000)",https://www.yatra.com/ythomepagecms/media/todayspick_home/2025/Sep/5897e9459cd906b288edaafd69439f27.jpg,YTRBLEMI,https://www.yatra.com/offer/details/rbl-card-emi-offers,RBL Bank Novio RuPay Credit Card,,
"Flat 10% OFF (Up to Rs. 7,000)",https://www.yatra.com/ythomepagecms/media/todayspick_home/2025/Sep/5897e9459cd906b288edaafd69439f27.jpg,YTRBLEMI,https://www.yatra.com/offer/details/rbl-card-emi-offers,RBL Bank Paisabazaar Duet Card,,
"Flat 10% OFF (Up to Rs. 7,000)",https://www.yatra.com/ythomepagecms/media/todayspick_home/2025/Sep/5897e9459cd906b288edaafd69439f27.jpg,YTRBLEMI,https://www.yatra.com/offer/details/rbl-card-emi-offers,RBL Bank Paisabazaar Duet Plus Card,,
"Flat 10% OFF (Up to Rs. 7,000)",https://www.yatra.com/ythomepagecms/media/todayspick_home/2025/Sep/5897e9459cd906b288edaafd69439f27.jpg,YTRBLEMI,https://www.yatra.com/offer/details/rbl-card-emi-offers,RBL Bank Patanjali Swarn RuPay Card,,
"Flat 10% OFF (Up to Rs. 7,000)",https://www.yatra.com/ythomepagecms/media/todayspick_home/2025/Sep/5897e9459cd906b288edaafd69439f27.jpg,YTRBLEMI,https://www.yatra.com/offer/details/rbl-card-emi-offers,RBL Bank Patanjali Vishisht RuPay Card,,
"Flat 10% OFF (Up to Rs. 7,000)",https://www.yatra.com/ythomepagecms/media/todayspick_home/2025/Sep/5897e9459cd906b288edaafd69439f27.jpg,YTRBLEMI,https://www.yatra.com/offer/details/rbl-card-emi-offers,RBL Bank Platinum Advantage Credit Card,,
"Flat 10% OFF (Up to Rs. 7,000)",https://www.yatra.com/ythomepagecms/media/todayspick_home/2025/Sep/5897e9459cd906b288edaafd69439f27.jpg,YTRBLEMI,https://www.yatra.com/offer/details/rbl-card-emi-offers,RBL Bank Platinum Bonus Credit Card,,
"Flat 10% OFF (Up to Rs. 7,000)",https://www.yatra.com/ythomepagecms/media/todayspick_home/2025/Sep/5897e9459cd906b288edaafd69439f27.jpg,YTRBLEMI,https://www.yatra.com/offer/details/rbl-card-emi-offers,RBL Bank Platinum Choice Credit Card,,
"Flat 10% OFF (Up to Rs. 7,000)",https://www.yatra.com/ythomepagecms/media/todayspick_home/2025/Sep/5897e9459cd906b288edaafd69439f27.jpg,YTRBLEMI,https://www.yatra.com/offer/details/rbl-card-emi-offers,RBL Bank Platinum Choice Visa Credit Card,,
"Flat 10% OFF (Up to Rs. 7,000)",https://www.yatra.com/ythomepagecms/media/todayspick_home/2025/Sep/5897e9459cd906b288edaafd69439f27.jpg,YTRBLEMI,https://www.yatra.com/offer/details/rbl-card-emi-offers,RBL Bank Platinum Classic Credit Card,,
"Flat 10% OFF (Up to Rs. 7,000)",https://www.yatra.com/ythomepagecms/media/todayspick_home/2025/Sep/5897e9459cd906b288edaafd69439f27.jpg,YTRBLEMI,https://www.yatra.com/offer/details/rbl-card-emi-offers,RBL Bank Platinum Delight Credit Card,,
"Flat 10% OFF (Up to Rs. 7,000)",https://www.yatra.com/ythomepagecms/media/todayspick_home/2025/Sep/5897e9459cd906b288edaafd69439f27.jpg,YTRBLEMI,https://www.yatra.com/offer/details/rbl-card-emi-offers,RBL Bank Platinum Edge Credit Card,,
"Flat 10% OFF (Up to Rs. 7,000)",https://www.yatra.com/ythomepagecms/media/todayspick_home/2025/Sep/5897e9459cd906b288edaafd69439f27.jpg,YTRBLEMI,https://www.yatra.com/offer/details/rbl-card-emi-offers,RBL Bank Platinum Edge MasterCard,,
"Flat 10% OFF (Up to Rs. 7,000)",https://www.yatra.com/ythomepagecms/media/todayspick_home/2025/Sep/5897e9459cd906b288edaafd69439f27.jpg,YTRBLEMI,https://www.yatra.com/offer/details/rbl-card-emi-offers,RBL Bank Platinum LifeEasy Credit Card,,
"Flat 10% OFF (Up to Rs. 7,000)",https://www.yatra.com/ythomepagecms/media/todayspick_home/2025/Sep/5897e9459cd906b288edaafd69439f27.jpg,YTRBLEMI,https://www.yatra.com/offer/details/rbl-card-emi-offers,RBL Bank Platinum LifeEasy Visa Credit Card,,
"Flat 10% OFF (Up to Rs. 7,000)",https://www.yatra.com/ythomepagecms/media/todayspick_home/2025/Sep/5897e9459cd906b288edaafd69439f27.jpg,YTRBLEMI,https://www.yatra.com/offer/details/rbl-card-emi-offers,RBL Bank Platinum Maxima Credit Card,,
"Flat 10% OFF (Up to Rs. 7,000)",https://www.yatra.com/ythomepagecms/media/todayspick_home/2025/Sep/5897e9459cd906b288edaafd69439f27.jpg,YTRBLEMI,https://www.yatra.com/offer/details/rbl-card-emi-offers,RBL Bank Platinum Plus Credit Card,,
"Flat 10% OFF (Up to Rs. 7,000)",https://www.yatra.com/ythomepagecms/media/todayspick_home/2025/Sep/5897e9459cd906b288edaafd69439f27.jpg,YTRBLEMI,https://www.yatra.com/offer/details/rbl-card-emi-offers,RBL Bank Platinum Plus Visa Credit Card,,
"Flat 10% OFF (Up to Rs. 7,000)",https://www.yatra.com/ythomepagecms/media/todayspick_home/2025/Sep/5897e9459cd906b288edaafd69439f27.jpg,YTRBLEMI,https://www.yatra.com/offer/details/rbl-card-emi-offers,RBL Bank Platinum Prime Credit Card,,
"Flat 10% OFF (Up to Rs. 7,000)",https://www.yatra.com/ythomepagecms/media/todayspick_home/2025/Sep/5897e9459cd906b288edaafd69439f27.jpg,YTRBLEMI,https://www.yatra.com/offer/details/rbl-card-emi-offers,RBL Bank Platinum ShopDaily Credit Card,,
"Flat 10% OFF (Up to Rs. 7,000)",https://www.yatra.com/ythomepagecms/media/todayspick_home/2025/Sep/5897e9459cd906b288edaafd69439f27.jpg,YTRBLEMI,https://www.yatra.com/offer/details/rbl-card-emi-offers,RBL Bank Platinum ShopDaily Visa Credit Card,,
"Flat 10% OFF (Up to Rs. 7,000)",https://www.yatra.com/ythomepagecms/media/todayspick_home/2025/Sep/5897e9459cd906b288edaafd69439f27.jpg,YTRBLEMI,https://www.yatra.com/offer/details/rbl-card-emi-offers,RBL Bank Platinum ShopSmart MasterCard Credit Card,,
"Flat 10% OFF (Up to Rs. 7,000)",https://www.yatra.com/ythomepagecms/media/todayspick_home/2025/Sep/5897e9459cd906b288edaafd69439f27.jpg,YTRBLEMI,https://www.yatra.com/offer/details/rbl-card-emi-offers,RBL Bank Platinum Shopgain  Credit Card,,
"Flat 10% OFF (Up to Rs. 7,000)",https://www.yatra.com/ythomepagecms/media/todayspick_home/2025/Sep/5897e9459cd906b288edaafd69439f27.jpg,YTRBLEMI,https://www.yatra.com/offer/details/rbl-card-emi-offers,RBL Bank Platinum Shopgain Visa Credit Card,,
"Flat 10% OFF (Up to Rs. 7,000)",https://www.yatra.com/ythomepagecms/media/todayspick_home/2025/Sep/5897e9459cd906b288edaafd69439f27.jpg,YTRBLEMI,https://www.yatra.com/offer/details/rbl-card-emi-offers,RBL Bank Platinum Shopsmart Credit Card,,
"Flat 10% OFF (Up to Rs. 7,000)",https://www.yatra.com/ythomepagecms/media/todayspick_home/2025/Sep/5897e9459cd906b288edaafd69439f27.jpg,YTRBLEMI,https://www.yatra.com/offer/details/rbl-card-emi-offers,RBL Bank Platinum TravelEasy Credit Card,,
"Flat 10% OFF (Up to Rs. 7,000)",https://www.yatra.com/ythomepagecms/media/todayspick_home/2025/Sep/5897e9459cd906b288edaafd69439f27.jpg,YTRBLEMI,https://www.yatra.com/offer/details/rbl-card-emi-offers,RBL Bank Platinum TravelEasy Visa Credit Card,,
"Flat 10% OFF (Up to Rs. 7,000)",https://www.yatra.com/ythomepagecms/media/todayspick_home/2025/Sep/5897e9459cd906b288edaafd69439f27.jpg,YTRBLEMI,https://www.yatra.com/offer/details/rbl-card-emi-offers,RBL Bank Platinum ValuePlus Credit Card,,
"Flat 10% OFF (Up to Rs. 7,000)",https://www.yatra.com/ythomepagecms/media/todayspick_home/2025/Sep/5897e9459cd906b288edaafd69439f27.jpg,YTRBLEMI,https://www.yatra.com/offer/details/rbl-card-emi-offers,RBL Bank Platinum ValuePlus MasterCard Credit Card,,
"Flat 10% OFF (Up to Rs. 7,000)",https://www.yatra.com/ythomepagecms/media/todayspick_home/2025/Sep/5897e9459cd906b288edaafd69439f27.jpg,YTRBLEMI,https://www.yatra.com/offer/details/rbl-card-emi-offers,RBL Bank Play Credit Card,,
"Flat 10% OFF (Up to Rs. 7,000)",https://www.yatra.com/ythomepagecms/media/todayspick_home/2025/Sep/5897e9459cd906b288edaafd69439f27.jpg,YTRBLEMI,https://www.yatra.com/offer/details/rbl-card-emi-offers,RBL Bank Play Credit Card,,
"Flat 10% OFF (Up to Rs. 7,000)",https://www.yatra.com/ythomepagecms/media/todayspick_home/2025/Sep/5897e9459cd906b288edaafd69439f27.jpg,YTRBLEMI,https://www.yatra.com/offer/details/rbl-card-emi-offers,RBL Bank SalarySe Up RuPay Credit Card,,
"Flat 10% OFF (Up to Rs. 7,000)",https://www.yatra.com/ythomepagecms/media/todayspick_home/2025/Sep/5897e9459cd906b288edaafd69439f27.jpg,YTRBLEMI,https://www.yatra.com/offer/details/rbl-card-emi-offers,RBL Bank Shoprite Credit Card,,
"Flat 10% OFF (Up to Rs. 7,000)",https://www.yatra.com/ythomepagecms/media/todayspick_home/2025/Sep/5897e9459cd906b288edaafd69439f27.jpg,YTRBLEMI,https://www.yatra.com/offer/details/rbl-card-emi-offers,RBL Bank VCard,,
"Flat 10% OFF (Up to Rs. 7,000)",https://www.yatra.com/ythomepagecms/media/todayspick_home/2025/Sep/5897e9459cd906b288edaafd69439f27.jpg,YTRBLEMI,https://www.yatra.com/offer/details/rbl-card-emi-offers,RBL Bank World Max Credit Card,,
"Flat 10% OFF (Up to Rs. 7,000)",https://www.yatra.com/ythomepagecms/media/todayspick_home/2025/Sep/5897e9459cd906b288edaafd69439f27.jpg,YTRBLEMI,https://www.yatra.com/offer/details/rbl-card-emi-offers,RBL Bank World Max MasterCard Credit Card,,
"Flat 10% OFF (Up to Rs. 7,000)",https://www.yatra.com/ythomepagecms/media/todayspick_home/2025/Sep/5897e9459cd906b288edaafd69439f27.jpg,YTRBLEMI,https://www.yatra.com/offer/details/rbl-card-emi-offers,RBL Bank World Plus Credit Card,,
"Flat 10% OFF (Up to Rs. 7,000)",https://www.yatra.com/ythomepagecms/media/todayspick_home/2025/Sep/5897e9459cd906b288edaafd69439f27.jpg,YTRBLEMI,https://www.yatra.com/offer/details/rbl-card-emi-offers,RBL Bank World Plus MasterCard Credit Card,,
"Flat 10% OFF (Up to Rs. 7,000)",https://www.yatra.com/ythomepagecms/media/todayspick_home/2025/Sep/5897e9459cd906b288edaafd69439f27.jpg,YTRBLEMI,https://www.yatra.com/offer/details/rbl-card-emi-offers,RBL Bank World Prime Credit Card,,
"Flat 10% OFF (Up to Rs. 7,000)",https://www.yatra.com/ythomepagecms/media/todayspick_home/2025/Sep/5897e9459cd906b288edaafd69439f27.jpg,YTRBLEMI,https://www.yatra.com/offer/details/rbl-card-emi-offers,RBL Bank World Prime Visa Credit Card,,
"Flat 10% OFF (Up to Rs. 7,000)",https://www.yatra.com/ythomepagecms/media/todayspick_home/2025/Sep/5897e9459cd906b288edaafd69439f27.jpg,YTRBLEMI,https://www.yatra.com/offer/details/rbl-card-emi-offers,RBL Bank World Safari Credit Card,,
"Flat 10% OFF (Up to Rs. 7,000)",https://www.yatra.com/ythomepagecms/media/todayspick_home/2025/Sep/5897e9459cd906b288edaafd69439f27.jpg,YTRBLEMI,https://www.yatra.com/offer/details/rbl-card-emi-offers,RBL Bank iGlobe Credit Card,,
"Flat 10% OFF (Up to Rs. 7,000)",https://www.yatra.com/ythomepagecms/media/todayspick_home/2025/Sep/5897e9459cd906b288edaafd69439f27.jpg,YTRBLEMI,https://www.yatra.com/offer/details/rbl-card-emi-offers,RBL Platinum Maxima Plus Card,,
"Flat 10% OFF (Up to Rs. 7,000)",https://www.yatra.com/ythomepagecms/media/todayspick_home/2025/Sep/5897e9459cd906b288edaafd69439f27.jpg,YTRBLEMI,https://www.yatra.com/offer/details/rbl-card-emi-offers,TVS Credit RBL Bank Card,,
"Flat 10% OFF (Up to Rs. 7,000)",https://www.yatra.com/ythomepagecms/media/todayspick_home/2025/Sep/5897e9459cd906b288edaafd69439f27.jpg,YTRBLEMI,https://www.yatra.com/offer/details/rbl-card-emi-offers,TVS Credit RBL Bank Gold Mastercard Card,,
"Flat 8% OFF (Up to Rs. 5,000) + Interest Free EMI",https://www.yatra.com/ythomepagecms/media/todayspick_home/2025/Sep/5897e9459cd906b288edaafd69439f27.jpg,YRAXISEMI,https://www.yatra.com/offer/details/axis-bank-emi-offers,Airtel Axis Bank Credit Card,,
"Flat 8% OFF (Up to Rs. 5,000) + Interest Free EMI",https://www.yatra.com/ythomepagecms/media/todayspick_home/2025/Sep/5897e9459cd906b288edaafd69439f27.jpg,YRAXISEMI,https://www.yatra.com/offer/details/axis-bank-emi-offers,Airtel Axis Bank RuPay Credit Card,,
"Flat 8% OFF (Up to Rs. 5,000) + Interest Free EMI",https://www.yatra.com/ythomepagecms/media/todayspick_home/2025/Sep/5897e9459cd906b288edaafd69439f27.jpg,YRAXISEMI,https://www.yatra.com/offer/details/axis-bank-emi-offers,Axis Bank Ace Credit Card,,
"Flat 8% OFF (Up to Rs. 5,000) + Interest Free EMI",https://www.yatra.com/ythomepagecms/media/todayspick_home/2025/Sep/5897e9459cd906b288edaafd69439f27.jpg,YRAXISEMI,https://www.yatra.com/offer/details/axis-bank-emi-offers,Axis Bank Atlas Credit Card,,
"Flat 8% OFF (Up to Rs. 5,000) + Interest Free EMI",https://www.yatra.com/ythomepagecms/media/todayspick_home/2025/Sep/5897e9459cd906b288edaafd69439f27.jpg,YRAXISEMI,https://www.yatra.com/offer/details/axis-bank-emi-offers,Axis Bank Aura Credit Card,,
"Flat 8% OFF (Up to Rs. 5,000) + Interest Free EMI",https://www.yatra.com/ythomepagecms/media/todayspick_home/2025/Sep/5897e9459cd906b288edaafd69439f27.jpg,YRAXISEMI,https://www.yatra.com/offer/details/axis-bank-emi-offers,Axis Bank Freecharge Credit Card,,
"Flat 8% OFF (Up to Rs. 5,000) + Interest Free EMI",https://www.yatra.com/ythomepagecms/media/todayspick_home/2025/Sep/5897e9459cd906b288edaafd69439f27.jpg,YRAXISEMI,https://www.yatra.com/offer/details/axis-bank-emi-offers,Axis Bank Freecharge Plus Credit Card,,
"Flat 8% OFF (Up to Rs. 5,000) + Interest Free EMI",https://www.yatra.com/ythomepagecms/media/todayspick_home/2025/Sep/5897e9459cd906b288edaafd69439f27.jpg,YRAXISEMI,https://www.yatra.com/offer/details/axis-bank-emi-offers,Axis Bank Horizon Credit Card,,
"Flat 8% OFF (Up to Rs. 5,000) + Interest Free EMI",https://www.yatra.com/ythomepagecms/media/todayspick_home/2025/Sep/5897e9459cd906b288edaafd69439f27.jpg,YRAXISEMI,https://www.yatra.com/offer/details/axis-bank-emi-offers,Axis Bank MY Zone Credit Card,,
"Flat 8% OFF (Up to Rs. 5,000) + Interest Free EMI",https://www.yatra.com/ythomepagecms/media/todayspick_home/2025/Sep/5897e9459cd906b288edaafd69439f27.jpg,YRAXISEMI,https://www.yatra.com/offer/details/axis-bank-emi-offers,Axis Bank Magnus Credit Card,,
"Flat 8% OFF (Up to Rs. 5,000) + Interest Free EMI",https://www.yatra.com/ythomepagecms/media/todayspick_home/2025/Sep/5897e9459cd906b288edaafd69439f27.jpg,YRAXISEMI,https://www.yatra.com/offer/details/axis-bank-emi-offers,Axis Bank Miles And More World Credit Card,,
"Flat 8% OFF (Up to Rs. 5,000) + Interest Free EMI",https://www.yatra.com/ythomepagecms/media/todayspick_home/2025/Sep/5897e9459cd906b288edaafd69439f27.jpg,YRAXISEMI,https://www.yatra.com/offer/details/axis-bank-emi-offers,Axis Bank Miles And More World Select Credit Card,,
"Flat 8% OFF (Up to Rs. 5,000) + Interest Free EMI",https://www.yatra.com/ythomepagecms/media/todayspick_home/2025/Sep/5897e9459cd906b288edaafd69439f27.jpg,YRAXISEMI,https://www.yatra.com/offer/details/axis-bank-emi-offers,Axis Bank My Wings Credit Card,,
"Flat 8% OFF (Up to Rs. 5,000) + Interest Free EMI",https://www.yatra.com/ythomepagecms/media/todayspick_home/2025/Sep/5897e9459cd906b288edaafd69439f27.jpg,YRAXISEMI,https://www.yatra.com/offer/details/axis-bank-emi-offers,Axis Bank Neo Credit Card,,
"Flat 8% OFF (Up to Rs. 5,000) + Interest Free EMI",https://www.yatra.com/ythomepagecms/media/todayspick_home/2025/Sep/5897e9459cd906b288edaafd69439f27.jpg,YRAXISEMI,https://www.yatra.com/offer/details/axis-bank-emi-offers,Axis Bank Neo Credit Card,,
"Flat 8% OFF (Up to Rs. 5,000) + Interest Free EMI",https://www.yatra.com/ythomepagecms/media/todayspick_home/2025/Sep/5897e9459cd906b288edaafd69439f27.jpg,YRAXISEMI,https://www.yatra.com/offer/details/axis-bank-emi-offers,Axis Bank Platinum Credit Card,,
"Flat 8% OFF (Up to Rs. 5,000) + Interest Free EMI",https://www.yatra.com/ythomepagecms/media/todayspick_home/2025/Sep/5897e9459cd906b288edaafd69439f27.jpg,YRAXISEMI,https://www.yatra.com/offer/details/axis-bank-emi-offers,Axis Bank Pride Platinum Credit Card,,
"Flat 8% OFF (Up to Rs. 5,000) + Interest Free EMI",https://www.yatra.com/ythomepagecms/media/todayspick_home/2025/Sep/5897e9459cd906b288edaafd69439f27.jpg,YRAXISEMI,https://www.yatra.com/offer/details/axis-bank-emi-offers,Axis Bank Pride Signature Credit Card,,
"Flat 8% OFF (Up to Rs. 5,000) + Interest Free EMI",https://www.yatra.com/ythomepagecms/media/todayspick_home/2025/Sep/5897e9459cd906b288edaafd69439f27.jpg,YRAXISEMI,https://www.yatra.com/offer/details/axis-bank-emi-offers,Axis Bank Privilege Credit Card,,
"Flat 8% OFF (Up to Rs. 5,000) + Interest Free EMI",https://www.yatra.com/ythomepagecms/media/todayspick_home/2025/Sep/5897e9459cd906b288edaafd69439f27.jpg,YRAXISEMI,https://www.yatra.com/offer/details/axis-bank-emi-offers,Axis Bank Privilege Easy Credit Card,,
"Flat 8% OFF (Up to Rs. 5,000) + Interest Free EMI",https://www.yatra.com/ythomepagecms/media/todayspick_home/2025/Sep/5897e9459cd906b288edaafd69439f27.jpg,YRAXISEMI,https://www.yatra.com/offer/details/axis-bank-emi-offers,Axis Bank Reserve Credit Card,,
"Flat 8% OFF (Up to Rs. 5,000) + Interest Free EMI",https://www.yatra.com/ythomepagecms/media/todayspick_home/2025/Sep/5897e9459cd906b288edaafd69439f27.jpg,YRAXISEMI,https://www.yatra.com/offer/details/axis-bank-emi-offers,Axis Bank Rewards Credit Card,,
"Flat 8% OFF (Up to Rs. 5,000) + Interest Free EMI",https://www.yatra.com/ythomepagecms/media/todayspick_home/2025/Sep/5897e9459cd906b288edaafd69439f27.jpg,YRAXISEMI,https://www.yatra.com/offer/details/axis-bank-emi-offers,Axis Bank Select Credit Card,,
"Flat 8% OFF (Up to Rs. 5,000) + Interest Free EMI",https://www.yatra.com/ythomepagecms/media/todayspick_home/2025/Sep/5897e9459cd906b288edaafd69439f27.jpg,YRAXISEMI,https://www.yatra.com/offer/details/axis-bank-emi-offers,Axis Bank Shoppers Stop Credit Card,,
"Flat 8% OFF (Up to Rs. 5,000) + Interest Free EMI",https://www.yatra.com/ythomepagecms/media/todayspick_home/2025/Sep/5897e9459cd906b288edaafd69439f27.jpg,YRAXISEMI,https://www.yatra.com/offer/details/axis-bank-emi-offers,Axis Bank Signature Credit Card,,
"Flat 8% OFF (Up to Rs. 5,000) + Interest Free EMI",https://www.yatra.com/ythomepagecms/media/todayspick_home/2025/Sep/5897e9459cd906b288edaafd69439f27.jpg,YRAXISEMI,https://www.yatra.com/offer/details/axis-bank-emi-offers,Axis Bank SpiceJet Voyage Black Credit Card,,
"Flat 8% OFF (Up to Rs. 5,000) + Interest Free EMI",https://www.yatra.com/ythomepagecms/media/todayspick_home/2025/Sep/5897e9459cd906b288edaafd69439f27.jpg,YRAXISEMI,https://www.yatra.com/offer/details/axis-bank-emi-offers,Axis Bank Titanium Smart Traveller Credit Card,,
"Flat 8% OFF (Up to Rs. 5,000) + Interest Free EMI",https://www.yatra.com/ythomepagecms/media/todayspick_home/2025/Sep/5897e9459cd906b288edaafd69439f27.jpg,YRAXISEMI,https://www.yatra.com/offer/details/axis-bank-emi-offers,Axis Bank Vistara Credit Card,,
"Flat 8% OFF (Up to Rs. 5,000) + Interest Free EMI",https://www.yatra.com/ythomepagecms/media/todayspick_home/2025/Sep/5897e9459cd906b288edaafd69439f27.jpg,YRAXISEMI,https://www.yatra.com/offer/details/axis-bank-emi-offers,Axis Bank Vistara Infinite Credit Card,,
"Flat 8% OFF (Up to Rs. 5,000) + Interest Free EMI",https://www.yatra.com/ythomepagecms/media/todayspick_home/2025/Sep/5897e9459cd906b288edaafd69439f27.jpg,YRAXISEMI,https://www.yatra.com/offer/details/axis-bank-emi-offers,Axis Bank Vistara Signature Credit Card,,
"Flat 8% OFF (Up to Rs. 5,000) + Interest Free EMI",https://www.yatra.com/ythomepagecms/media/todayspick_home/2025/Sep/5897e9459cd906b288edaafd69439f27.jpg,YRAXISEMI,https://www.yatra.com/offer/details/axis-bank-emi-offers,Axis Horizon Mastercard Credit Card,,
"Flat 8% OFF (Up to Rs. 5,000) + Interest Free EMI",https://www.yatra.com/ythomepagecms/media/todayspick_home/2025/Sep/5897e9459cd906b288edaafd69439f27.jpg,YRAXISEMI,https://www.yatra.com/offer/details/axis-bank-emi-offers,Axis Insta Easy Credit Card,,
"Flat 8% OFF (Up to Rs. 5,000) + Interest Free EMI",https://www.yatra.com/ythomepagecms/media/todayspick_home/2025/Sep/5897e9459cd906b288edaafd69439f27.jpg,YRAXISEMI,https://www.yatra.com/offer/details/axis-bank-emi-offers,Axis KWIK Credit Card,,
"Flat 8% OFF (Up to Rs. 5,000) + Interest Free EMI",https://www.yatra.com/ythomepagecms/media/todayspick_home/2025/Sep/5897e9459cd906b288edaafd69439f27.jpg,YRAXISEMI,https://www.yatra.com/offer/details/axis-bank-emi-offers,Fibe Axis Bank Credit Card,,
"Flat 8% OFF (Up to Rs. 5,000) + Interest Free EMI",https://www.yatra.com/ythomepagecms/media/todayspick_home/2025/Sep/5897e9459cd906b288edaafd69439f27.jpg,YRAXISEMI,https://www.yatra.com/offer/details/axis-bank-emi-offers,Flipkart Axis Bank Credit Card,,
"Flat 8% OFF (Up to Rs. 5,000) + Interest Free EMI",https://www.yatra.com/ythomepagecms/media/todayspick_home/2025/Sep/5897e9459cd906b288edaafd69439f27.jpg,YRAXISEMI,https://www.yatra.com/offer/details/axis-bank-emi-offers,Flipkart Axis Bank Superelite Credit Card,,
"Flat 8% OFF (Up to Rs. 5,000) + Interest Free EMI",https://www.yatra.com/ythomepagecms/media/todayspick_home/2025/Sep/5897e9459cd906b288edaafd69439f27.jpg,YRAXISEMI,https://www.yatra.com/offer/details/axis-bank-emi-offers,IndianOil Axis Bank Credit Card,,
"Flat 8% OFF (Up to Rs. 5,000) + Interest Free EMI",https://www.yatra.com/ythomepagecms/media/todayspick_home/2025/Sep/5897e9459cd906b288edaafd69439f27.jpg,YRAXISEMI,https://www.yatra.com/offer/details/axis-bank-emi-offers,LIC Axis Bank Platinum Credit Card,,
"Flat 8% OFF (Up to Rs. 5,000) + Interest Free EMI",https://www.yatra.com/ythomepagecms/media/todayspick_home/2025/Sep/5897e9459cd906b288edaafd69439f27.jpg,YRAXISEMI,https://www.yatra.com/offer/details/axis-bank-emi-offers,LIC Axis Bank Signature Credit Card,,
"Flat 8% OFF (Up to Rs. 5,000) + Interest Free EMI",https://www.yatra.com/ythomepagecms/media/todayspick_home/2025/Sep/5897e9459cd906b288edaafd69439f27.jpg,YRAXISEMI,https://www.yatra.com/offer/details/axis-bank-emi-offers,Samsung Axis Bank Infinite Credit Card,,
"Flat 8% OFF (Up to Rs. 5,000) + Interest Free EMI",https://www.yatra.com/ythomepagecms/media/todayspick_home/2025/Sep/5897e9459cd906b288edaafd69439f27.jpg,YRAXISEMI,https://www.yatra.com/offer/details/axis-bank-emi-offers,Samsung Axis Bank Signature Credit Card,,
"Flat 8% OFF (Up to Rs. 5,000) + Interest Free EMI",https://www.yatra.com/ythomepagecms/media/todayspick_home/2025/Sep/5897e9459cd906b288edaafd69439f27.jpg,YRAXISEMI,https://www.yatra.com/offer/details/axis-bank-emi-offers,Spicejet Axis Bank Voyage Credit Card,,
"Flat 8% OFF (Up to Rs. 7,500)",https://www.yatra.com/ythomepagecms/media/todayspick_home/2025/Sep/77c65f3c6ae527a7197f10f0b8020da4.jpg,IDFCEMI,https://www.yatra.com/offer/details/idfc-first-bank-emi-offer,IndiGo IDFC FIRST Credit Card,,
"Flat 8% OFF (Up to Rs. 7,500)",https://www.yatra.com/ythomepagecms/media/todayspick_home/2025/Sep/77c65f3c6ae527a7197f10f0b8020da4.jpg,IDFCEMI,https://www.yatra.com/offer/details/idfc-first-bank-emi-offer,IDFC Bank First Millennia Credit Card,,
"Flat 8% OFF (Up to Rs. 7,500)",https://www.yatra.com/ythomepagecms/media/todayspick_home/2025/Sep/77c65f3c6ae527a7197f10f0b8020da4.jpg,IDFCEMI,https://www.yatra.com/offer/details/idfc-first-bank-emi-offer,IDFC First Ashva Credit Card,,
"Flat 8% OFF (Up to Rs. 7,500)",https://www.yatra.com/ythomepagecms/media/todayspick_home/2025/Sep/77c65f3c6ae527a7197f10f0b8020da4.jpg,IDFCEMI,https://www.yatra.com/offer/details/idfc-first-bank-emi-offer,IDFC First Classic Credit Card,,
"Flat 8% OFF (Up to Rs. 7,500)",https://www.yatra.com/ythomepagecms/media/todayspick_home/2025/Sep/77c65f3c6ae527a7197f10f0b8020da4.jpg,IDFCEMI,https://www.yatra.com/offer/details/idfc-first-bank-emi-offer,IDFC First Earn RuPay Credit Card,,
"Flat 8% OFF (Up to Rs. 7,500)",https://www.yatra.com/ythomepagecms/media/todayspick_home/2025/Sep/77c65f3c6ae527a7197f10f0b8020da4.jpg,IDFCEMI,https://www.yatra.com/offer/details/idfc-first-bank-emi-offer,IDFC First Power Credit Card,,
"Flat 8% OFF (Up to Rs. 7,500)",https://www.yatra.com/ythomepagecms/media/todayspick_home/2025/Sep/77c65f3c6ae527a7197f10f0b8020da4.jpg,IDFCEMI,https://www.yatra.com/offer/details/idfc-first-bank-emi-offer,IDFC First Power+ Credit Card,,
"Flat 8% OFF (Up to Rs. 7,500)",https://www.yatra.com/ythomepagecms/media/todayspick_home/2025/Sep/77c65f3c6ae527a7197f10f0b8020da4.jpg,IDFCEMI,https://www.yatra.com/offer/details/idfc-first-bank-emi-offer,IDFC First Private Credit Card,,
"Flat 8% OFF (Up to Rs. 7,500)",https://www.yatra.com/ythomepagecms/media/todayspick_home/2025/Sep/77c65f3c6ae527a7197f10f0b8020da4.jpg,IDFCEMI,https://www.yatra.com/offer/details/idfc-first-bank-emi-offer,IDFC First SWYP Credit Card,,
"Flat 8% OFF (Up to Rs. 7,500)",https://www.yatra.com/ythomepagecms/media/todayspick_home/2025/Sep/77c65f3c6ae527a7197f10f0b8020da4.jpg,IDFCEMI,https://www.yatra.com/offer/details/idfc-first-bank-emi-offer,IDFC First Select Credit Card,,
"Flat 8% OFF (Up to Rs. 7,500)",https://www.yatra.com/ythomepagecms/media/todayspick_home/2025/Sep/77c65f3c6ae527a7197f10f0b8020da4.jpg,IDFCEMI,https://www.yatra.com/offer/details/idfc-first-bank-emi-offer,IDFC First Wealth Credit Card,,
"Flat 8% OFF (Up to Rs. 7,500)",https://www.yatra.com/ythomepagecms/media/todayspick_home/2025/Sep/77c65f3c6ae527a7197f10f0b8020da4.jpg,IDFCEMI,https://www.yatra.com/offer/details/idfc-first-bank-emi-offer,IDFC First Wow Credit Card,,
"Flat 8% OFF (Up to Rs. 7,500)",https://www.yatra.com/ythomepagecms/media/todayspick_home/2025/Sep/77c65f3c6ae527a7197f10f0b8020da4.jpg,IDFCEMI,https://www.yatra.com/offer/details/idfc-first-bank-emi-offer,IDFC Mayura Credit Card,,
"Up to Rs. 10,000 OFF",https://www.yatra.com/ythomepagecms/media/todayspick_home/2025/Sep/74a3e3d17fe5eec18188b043a537674a.jpg,YATRAAU,https://www.yatra.com/offer/details/au-credit-card-offer,AU Altura Credit Card,,
"Up to Rs. 10,000 OFF",https://www.yatra.com/ythomepagecms/media/todayspick_home/2025/Sep/74a3e3d17fe5eec18188b043a537674a.jpg,YATRAAU,https://www.yatra.com/offer/details/au-credit-card-offer,AU Bank Altura Plus Credit Card,,
"Up to Rs. 10,000 OFF",https://www.yatra.com/ythomepagecms/media/todayspick_home/2025/Sep/74a3e3d17fe5eec18188b043a537674a.jpg,YATRAAU,https://www.yatra.com/offer/details/au-credit-card-offer,AU Bank InstaPay Credit Card,,
"Up to Rs. 10,000 OFF",https://www.yatra.com/ythomepagecms/media/todayspick_home/2025/Sep/74a3e3d17fe5eec18188b043a537674a.jpg,YATRAAU,https://www.yatra.com/offer/details/au-credit-card-offer,AU Bank Zenith+ Credit Card,,
"Up to Rs. 10,000 OFF",https://www.yatra.com/ythomepagecms/media/todayspick_home/2025/Sep/74a3e3d17fe5eec18188b043a537674a.jpg,YATRAAU,https://www.yatra.com/offer/details/au-credit-card-offer,AU LIT Credit Card,,
"Up to Rs. 10,000 OFF",https://www.yatra.com/ythomepagecms/media/todayspick_home/2025/Sep/74a3e3d17fe5eec18188b043a537674a.jpg,YATRAAU,https://www.yatra.com/offer/details/au-credit-card-offer,AU Vetta Credit Card,,
"Up to Rs. 10,000 OFF",https://www.yatra.com/ythomepagecms/media/todayspick_home/2025/Sep/74a3e3d17fe5eec18188b043a537674a.jpg,YATRAAU,https://www.yatra.com/offer/details/au-credit-card-offer,AU Zenith Credit Card,,
"Up to Rs. 10,000 OFF",https://www.yatra.com/ythomepagecms/media/todayspick_home/2025/Sep/74a3e3d17fe5eec18188b043a537674a.jpg,YATRAAU,https://www.yatra.com/offer/details/au-credit-card-offer,Ixigo AU Travel Credit Card,,
"Flat 10% OFF (up to Rs. 7,000)",https://www.yatra.com/ythomepagecms/media/todayspick_home/2025/Jul/30c98bcb522eacf30577032cab4e0749.jpg,YRBOBCCEMI,https://www.yatra.com/offer/details/BOBCARD-emi-offers,Bank of Baroda Premier Credit Card,,
"Flat 10% OFF (up to Rs. 7,000)",https://www.yatra.com/ythomepagecms/media/todayspick_home/2025/Jul/30c98bcb522eacf30577032cab4e0749.jpg,YRBOBCCEMI,https://www.yatra.com/offer/details/BOBCARD-emi-offers,BOB Assure Credit Card,,
"Flat 10% OFF (up to Rs. 7,000)",https://www.yatra.com/ythomepagecms/media/todayspick_home/2025/Jul/30c98bcb522eacf30577032cab4e0749.jpg,YRBOBCCEMI,https://www.yatra.com/offer/details/BOBCARD-emi-offers,Eterna Bobcard,,
"Flat 10% OFF (up to Rs. 7,000)",https://www.yatra.com/ythomepagecms/media/todayspick_home/2025/Jul/30c98bcb522eacf30577032cab4e0749.jpg,YRBOBCCEMI,https://www.yatra.com/offer/details/BOBCARD-emi-offers,Indian Navy Varunah Premium Bobcard,,
"Flat 10% OFF (up to Rs. 7,000)",https://www.yatra.com/ythomepagecms/media/todayspick_home/2025/Jul/30c98bcb522eacf30577032cab4e0749.jpg,YRBOBCCEMI,https://www.yatra.com/offer/details/BOBCARD-emi-offers,CMA One Bobcard,,
"Flat 10% OFF (up to Rs. 7,000)",https://www.yatra.com/ythomepagecms/media/todayspick_home/2025/Jul/30c98bcb522eacf30577032cab4e0749.jpg,YRBOBCCEMI,https://www.yatra.com/offer/details/BOBCARD-emi-offers,Bank of Baroda ETERNA Credit card,,
"Flat 10% OFF (up to Rs. 7,000)",https://www.yatra.com/ythomepagecms/media/todayspick_home/2025/Jul/30c98bcb522eacf30577032cab4e0749.jpg,YRBOBCCEMI,https://www.yatra.com/offer/details/BOBCARD-emi-offers,ICSI Diamond Bobcard,,
"Flat 10% OFF (up to Rs. 7,000)",https://www.yatra.com/ythomepagecms/media/todayspick_home/2025/Jul/30c98bcb522eacf30577032cab4e0749.jpg,YRBOBCCEMI,https://www.yatra.com/offer/details/BOBCARD-emi-offers,Bank of Baroda EASY Credit Card,,
"Flat 10% OFF (up to Rs. 7,000)",https://www.yatra.com/ythomepagecms/media/todayspick_home/2025/Jul/30c98bcb522eacf30577032cab4e0749.jpg,YRBOBCCEMI,https://www.yatra.com/offer/details/BOBCARD-emi-offers,ICAI Exclusive Bobcard,,
"Flat 10% OFF (up to Rs. 7,000)",https://www.yatra.com/ythomepagecms/media/todayspick_home/2025/Jul/30c98bcb522eacf30577032cab4e0749.jpg,YRBOBCCEMI,https://www.yatra.com/offer/details/BOBCARD-emi-offers,Assam Rifles The Sentinel Bobcard,,
"Flat 10% OFF (up to Rs. 7,000)",https://www.yatra.com/ythomepagecms/media/todayspick_home/2025/Jul/30c98bcb522eacf30577032cab4e0749.jpg,YRBOBCCEMI,https://www.yatra.com/offer/details/BOBCARD-emi-offers,Indian Army Yoddha Bobcard,,
"Flat 10% OFF (up to Rs. 7,000)",https://www.yatra.com/ythomepagecms/media/todayspick_home/2025/Jul/30c98bcb522eacf30577032cab4e0749.jpg,YRBOBCCEMI,https://www.yatra.com/offer/details/BOBCARD-emi-offers,HPCL BoB ENERGIE,,
"Flat 10% OFF (up to Rs. 7,000)",https://www.yatra.com/ythomepagecms/media/todayspick_home/2025/Jul/30c98bcb522eacf30577032cab4e0749.jpg,YRBOBCCEMI,https://www.yatra.com/offer/details/BOBCARD-emi-offers,Prime Bobcard,,
"Flat 10% OFF (up to Rs. 7,000)",https://www.yatra.com/ythomepagecms/media/todayspick_home/2025/Jul/30c98bcb522eacf30577032cab4e0749.jpg,YRBOBCCEMI,https://www.yatra.com/offer/details/BOBCARD-emi-offers,Swavlamban Bobcard,,
"Flat 10% OFF (up to Rs. 7,000)",https://www.yatra.com/ythomepagecms/media/todayspick_home/2025/Jul/30c98bcb522eacf30577032cab4e0749.jpg,YRBOBCCEMI,https://www.yatra.com/offer/details/BOBCARD-emi-offers,IRCTC Bobcard,,
"Flat 10% OFF (up to Rs. 7,000)",https://www.yatra.com/ythomepagecms/media/todayspick_home/2025/Jul/30c98bcb522eacf30577032cab4e0749.jpg,YRBOBCCEMI,https://www.yatra.com/offer/details/BOBCARD-emi-offers,Snapdeal Bobcard,,
"Flat 10% OFF (up to Rs. 7,000)",https://www.yatra.com/ythomepagecms/media/todayspick_home/2025/Jul/30c98bcb522eacf30577032cab4e0749.jpg,YRBOBCCEMI,https://www.yatra.com/offer/details/BOBCARD-emi-offers,Unnati Bobcard,,
"Flat 10% OFF (up to Rs. 7,000)",https://www.yatra.com/ythomepagecms/media/todayspick_home/2025/Jul/30c98bcb522eacf30577032cab4e0749.jpg,YRBOBCCEMI,https://www.yatra.com/offer/details/BOBCARD-emi-offers,Indian Coast Guard Rakshamah Bank of Baroda,,
"Flat 10% OFF (up to Rs. 7,000)",https://www.yatra.com/ythomepagecms/media/todayspick_home/2025/Jul/30c98bcb522eacf30577032cab4e0749.jpg,YRBOBCCEMI,https://www.yatra.com/offer/details/BOBCARD-emi-offers,Bobcard Select,,
"Up to Rs. 6,500 OFF* + Additional savings on 3 month EMI tenure",https://www.yatra.com/ythomepagecms/media/todayspick_home/2025/Oct/79ca1567cb10bf832dcca493357fd060.jpg,YTICICIEMI,https://www.yatra.com/offer/details/icici-bank-emi-offers,ICICI Bank Rubyx RuPay Credit Card,,
"Up to Rs. 6,500 OFF* + Additional savings on 3 month EMI tenure",https://www.yatra.com/ythomepagecms/media/todayspick_home/2025/Oct/79ca1567cb10bf832dcca493357fd060.jpg,YTICICIEMI,https://www.yatra.com/offer/details/icici-bank-emi-offers,ICICI Bank Coral RuPay Credit Card,,
"Up to Rs. 6,500 OFF* + Additional savings on 3 month EMI tenure",https://www.yatra.com/ythomepagecms/media/todayspick_home/2025/Oct/79ca1567cb10bf832dcca493357fd060.jpg,YTICICIEMI,https://www.yatra.com/offer/details/icici-bank-emi-offers,ICICI Bank HPCL Super Saver RuPay Credit Card,,
"Up to Rs. 6,500 OFF* + Additional savings on 3 month EMI tenure",https://www.yatra.com/ythomepagecms/media/todayspick_home/2025/Oct/79ca1567cb10bf832dcca493357fd060.jpg,YTICICIEMI,https://www.yatra.com/offer/details/icici-bank-emi-offers,ICICI Bank Instant Platinum Credit Card,,
"Up to Rs. 6,500 OFF* + Additional savings on 3 month EMI tenure",https://www.yatra.com/ythomepagecms/media/todayspick_home/2025/Oct/79ca1567cb10bf832dcca493357fd060.jpg,YTICICIEMI,https://www.yatra.com/offer/details/icici-bank-emi-offers,ICICI Bank Sapphiro Credit Card,,
"Up to Rs. 6,500 OFF* + Additional savings on 3 month EMI tenure",https://www.yatra.com/ythomepagecms/media/todayspick_home/2025/Oct/79ca1567cb10bf832dcca493357fd060.jpg,YTICICIEMI,https://www.yatra.com/offer/details/icici-bank-emi-offers,ICICI Bank HPCL Super Saver Credit Card,,
"Up to Rs. 6,500 OFF* + Additional savings on 3 month EMI tenure",https://www.yatra.com/ythomepagecms/media/todayspick_home/2025/Oct/79ca1567cb10bf832dcca493357fd060.jpg,YTICICIEMI,https://www.yatra.com/offer/details/icici-bank-emi-offers,Accelero ICICI Bank Credit Card,,
"Up to Rs. 6,500 OFF* + Additional savings on 3 month EMI tenure",https://www.yatra.com/ythomepagecms/media/todayspick_home/2025/Oct/79ca1567cb10bf832dcca493357fd060.jpg,YTICICIEMI,https://www.yatra.com/offer/details/icici-bank-emi-offers,ICICI Bank Manchester United Platinum Credit Card,,
"Up to Rs. 6,500 OFF* + Additional savings on 3 month EMI tenure",https://www.yatra.com/ythomepagecms/media/todayspick_home/2025/Oct/79ca1567cb10bf832dcca493357fd060.jpg,YTICICIEMI,https://www.yatra.com/offer/details/icici-bank-emi-offers,Amazon Pay ICICI Bank Credit Card,,
"Up to Rs. 6,500 OFF* + Additional savings on 3 month EMI tenure",https://www.yatra.com/ythomepagecms/media/todayspick_home/2025/Oct/79ca1567cb10bf832dcca493357fd060.jpg,YTICICIEMI,https://www.yatra.com/offer/details/icici-bank-emi-offers,ICICI Bank Rubyx Credit Card,,
"Up to Rs. 6,500 OFF* + Additional savings on 3 month EMI tenure",https://www.yatra.com/ythomepagecms/media/todayspick_home/2025/Oct/79ca1567cb10bf832dcca493357fd060.jpg,YTICICIEMI,https://www.yatra.com/offer/details/icici-bank-emi-offers,Adani One ICICI Platinum Credit Card,,
"Up to Rs. 6,500 OFF* + Additional savings on 3 month EMI tenure",https://www.yatra.com/ythomepagecms/media/todayspick_home/2025/Oct/79ca1567cb10bf832dcca493357fd060.jpg,YTICICIEMI,https://www.yatra.com/offer/details/icici-bank-emi-offers,ICICI Bank Manchester United Signature Credit Card,,
"Up to Rs. 6,500 OFF* + Additional savings on 3 month EMI tenure",https://www.yatra.com/ythomepagecms/media/todayspick_home/2025/Oct/79ca1567cb10bf832dcca493357fd060.jpg,YTICICIEMI,https://www.yatra.com/offer/details/icici-bank-emi-offers,ICICI Bank Expressions Credit Card,,
"Up to Rs. 6,500 OFF* + Additional savings on 3 month EMI tenure",https://www.yatra.com/ythomepagecms/media/todayspick_home/2025/Oct/79ca1567cb10bf832dcca493357fd060.jpg,YTICICIEMI,https://www.yatra.com/offer/details/icici-bank-emi-offers,ICICI Parakram Credit Card,,
"Up to Rs. 6,500 OFF* + Additional savings on 3 month EMI tenure",https://www.yatra.com/ythomepagecms/media/todayspick_home/2025/Oct/79ca1567cb10bf832dcca493357fd060.jpg,YTICICIEMI,https://www.yatra.com/offer/details/icici-bank-emi-offers,ICICI Bank Times Black Credit Card,,
"Up to Rs. 6,500 OFF* + Additional savings on 3 month EMI tenure",https://www.yatra.com/ythomepagecms/media/todayspick_home/2025/Oct/79ca1567cb10bf832dcca493357fd060.jpg,YTICICIEMI,https://www.yatra.com/offer/details/icici-bank-emi-offers,Adani One ICICI Signature Credit Card,,
"Up to Rs. 6,500 OFF* + Additional savings on 3 month EMI tenure",https://www.yatra.com/ythomepagecms/media/todayspick_home/2025/Oct/79ca1567cb10bf832dcca493357fd060.jpg,YTICICIEMI,https://www.yatra.com/offer/details/icici-bank-emi-offers,Chennai Super Kings ICICI Bank Credit Card,,
"Up to Rs. 6,500 OFF* + Additional savings on 3 month EMI tenure",https://www.yatra.com/ythomepagecms/media/todayspick_home/2025/Oct/79ca1567cb10bf832dcca493357fd060.jpg,YTICICIEMI,https://www.yatra.com/offer/details/icici-bank-emi-offers,ICICI HPCL Coral Credit Card,,
"Up to Rs. 6,500 OFF* + Additional savings on 3 month EMI tenure",https://www.yatra.com/ythomepagecms/media/todayspick_home/2025/Oct/79ca1567cb10bf832dcca493357fd060.jpg,YTICICIEMI,https://www.yatra.com/offer/details/icici-bank-emi-offers,ICICI Bank Coral Credit Card,,
"Up to Rs. 6,500 OFF* + Additional savings on 3 month EMI tenure",https://www.yatra.com/ythomepagecms/media/todayspick_home/2025/Oct/79ca1567cb10bf832dcca493357fd060.jpg,YTICICIEMI,https://www.yatra.com/offer/details/icici-bank-emi-offers,ICICI Bank Emeralde Credit Card,,
"Up to Rs. 6,500 OFF* + Additional savings on 3 month EMI tenure",https://www.yatra.com/ythomepagecms/media/todayspick_home/2025/Oct/79ca1567cb10bf832dcca493357fd060.jpg,YTICICIEMI,https://www.yatra.com/offer/details/icici-bank-emi-offers,ICICI Parakram Select Credit Card,,
"Up to Rs. 6,500 OFF* + Additional savings on 3 month EMI tenure",https://www.yatra.com/ythomepagecms/media/todayspick_home/2025/Oct/79ca1567cb10bf832dcca493357fd060.jpg,YTICICIEMI,https://www.yatra.com/offer/details/icici-bank-emi-offers,Emirates Skywards Rubyx Credit Card,,
"Up to Rs. 6,500 OFF* + Additional savings on 3 month EMI tenure",https://www.yatra.com/ythomepagecms/media/todayspick_home/2025/Oct/79ca1567cb10bf832dcca493357fd060.jpg,YTICICIEMI,https://www.yatra.com/offer/details/icici-bank-emi-offers,ICICI Bank Credit Card,,
"Up to Rs. 6,500 OFF* + Additional savings on 3 month EMI tenure",https://www.yatra.com/ythomepagecms/media/todayspick_home/2025/Oct/79ca1567cb10bf832dcca493357fd060.jpg,YTICICIEMI,https://www.yatra.com/offer/details/icici-bank-emi-offers,MakeMyTrip ICICI Bank Platinum Credit Card,,
"Up to Rs. 6,500 OFF* + Additional savings on 3 month EMI tenure",https://www.yatra.com/ythomepagecms/media/todayspick_home/2025/Oct/79ca1567cb10bf832dcca493357fd060.jpg,YTICICIEMI,https://www.yatra.com/offer/details/icici-bank-emi-offers,MakeMyTrip ICICI Bank Credit Card,,
"Up to Rs. 6,500 OFF* + Additional savings on 3 month EMI tenure",https://www.yatra.com/ythomepagecms/media/todayspick_home/2025/Oct/79ca1567cb10bf832dcca493357fd060.jpg,YTICICIEMI,https://www.yatra.com/offer/details/icici-bank-emi-offers,ICICI Bank Platinum Chip Credit Card,,
"Up to Rs. 6,500 OFF* + Additional savings on 3 month EMI tenure",https://www.yatra.com/ythomepagecms/media/todayspick_home/2025/Oct/79ca1567cb10bf832dcca493357fd060.jpg,YTICICIEMI,https://www.yatra.com/offer/details/icici-bank-emi-offers,Makemytrip ICICI Bank Signature Credit Card,,
"Up to Rs. 6,500 OFF* + Additional savings on 3 month EMI tenure",https://www.yatra.com/ythomepagecms/media/todayspick_home/2025/Oct/79ca1567cb10bf832dcca493357fd060.jpg,YTICICIEMI,https://www.yatra.com/offer/details/icici-bank-emi-offers,Emirates Skywards ICICI Bank Emerald Credit Card,,
Air Asia Explore Malaysia Sale,https://www.yatra.com/ythomepagecms/media/todayspick/2026/Jan/32ba3590ee2b9e790c2fd40594f5bf11.jpg,On International Flights,https://www.yatra.com/offer/details/air-asia-international-flight-offer,,,Yes
Korean Air Special Fare Sale,https://www.yatra.com/ythomepagecms/media/todayspick/2026/Jan/baa617b688c8c85c533255f87549abc1.jpg,On International Flights,https://www.yatra.com/offer/details/korean-air-sale,,,Yes
Air India New Route Alert,https://www.yatra.com/ythomepagecms/media/todayspick/2026/Jan/20a351d3d5fd2a7525c2787be607b75e.jpg,On International Flights,,,,Yes
Air Asia Special Discount on Baggage,https://www.yatra.com/ythomepagecms/media/todayspick/2025/Dec/bf9441413588d48da808f14beb119a4f.jpg,On International Flights,https://www.yatra.com/offer/details/air-asia-baggage-offer,,,Yes
Indigo New Route Alert,https://www.yatra.com/ythomepagecms/media/todayspick/2026/Jan/537b2480cbd98177f38d2a322e654db3.jpg,On International Flights,,,,Yes
Singapore Airlines Master Card Offers,https://www.yatra.com/ythomepagecms/media/todayspick/2026/Jan/5ea8b0bb5208c7c93f3df73070ad3006.jpg,YTSQ,https://www.yatra.com/offer/details/singapore-airlines-master-card-offers,,,
Airtel International Roaming,https://www.yatra.com/ythomepagecms/media/todayspick/2025/Dec/5767382936fbbd8a29698e5a333043a2.jpg,Get 5-day Roaming Pack @798,https://www.airtel.in/ir-packs/?utm_source=ir_brand&amp;utm_medium=Yatra&amp;utm_campaign=Yatra_IR-7_SearchersBookers_English_PostPaid_1x1&amp;utm_term=cpm&amp;utm_content=PostPaid_1x1,,,
United Airlines Discover USA and Beyond,https://www.yatra.com/ythomepagecms/media/todayspick/2025/Dec/c6c4f574a211467150024f906697b3c8.jpg,Fly Non stop from Delhi to New York/Newark,https://eng2e.seismic.com/i/8ceo8BUp5uXHEZBYNlauoFCAyDZ___RXPLUSSIGN4WUKJyGzAnl___oD6DAMM___Y1t___kOJCQDfc3xieePMrHjkuRP1fBvH9PLUSSIGN5ccUUpbbQTaOwSRi1cWnBbZfen7YwkZh___zjucVCtby45,,,
United Airlines ft.Spotify,https://www.yatra.com/ythomepagecms/media/todayspick/2025/Dec/840f77bc23c7700b6f3756235fcec07f.jpg,Press Play in The Sky,,,,
Air India Discover Special Fares,https://www.yatra.com/ythomepagecms/media/todayspick/2025/Dec/555bf6a86972ce2bcf83bf45a197e4ec.jpg,"Return Fares Starting @ 12,072*",,,,
"Up to 5,000 OFF* on Flights to Thailand",https://www.yatra.com/ythomepagecms/media/todayspick/2025/Nov/3e78460ae293512db4098ec6be808a12.jpg,,https://www.yatra.com/international-tour-packages/holidays-in-thailand?utm_source=banner&amp;utm_medium=banner&amp;utm_campaign=thailand_jmp,,,Yes
Indigo International Flight Sale,https://www.yatra.com/ythomepagecms/media/todayspick/2025/Oct/ab1642b5ae57110d6114b758a474beb5.jpg,On International Flights,https://www.yatra.com/offer/details/Indigo-international-flight-sale,,,Yes
Get Complete Health Analysis,https://www.yatra.com/ythomepagecms/media/todayspick/2025/May/135f0aca298824c7f534e16940b2947c.jpg,"Rs. 1599* only, includes 85 Tests",https://link.medibuddy.app/efXhgk1iZSb,,,Yes
,,,,,,
,,,,,,
,,,,,,
,,,,,,
,,,,,,
,,,,,,
,,,,,,
,,,,,,
,,,,,,
,,,,,,
,,,,,,
,,,,,,
,,,,,,
,,,,,,
,,,,,,
,,,,,,
,,,,,,
,,,,,,
,,,,,,
,,,,,,
,,,,,,
,,,,,,
,,,,,,
,,,,,,
,,,,,,
,,,,,,
,,,,,,
,,,,,,
,,,,,,
,,,,,,
,,,,,,
,,,,,,
,,,,,,
,,,,,,
,,,,,,
,,,,,,
,,,,,,
,,,,,,
,,,,,,
,,,,,,
,,,,,,
,,,,,,
,,,,,,
,,,,,,
,,,,,,
,,,,,,
,,,,,,
,,,,,,
,,,,,,
,,,,,,
,,,,,,
,,,,,,
,,,,,,
,,,,,,
,,,,,,
,,,,,,
,,,,,,
,,,,,,
,,,,,,
,,,,,,
,,,,,,
,,,,,,
,,,,,,
,,,,,,
,,,,,,
,,,,,,
,,,,,,
,,,,,,
,,,,,,
,,,,,,
,,,,,,
,,,,,,
,,,,,,
,,,,,,
,,,,,,
,,,,,,
,,,,,,
,,,,,,
,,,,,,
,,,,,,
,,,,,,
,,,,,,
,,,,,,
,,,,,,
,,,,,,
,,,,,,
,,,,,,
,,,,,,
,,,,,,
,,,,,,
,,,,,,
,,,,,,
,,,,,,
,,,,,,
,,,,,,
,,,,,,
,,,,,,
,,,,,,
,,,,,,
,,,,,,
,,,,,,
,,,,,,
,,,,,,
,,,,,,
,,,,,,
,,,,,,
,,,,,,
,,,,,,
,,,,,,
,,,,,,
,,,,,,
,,,,,,
,,,,,,
,,,,,,
,,,,,,
,,,,,,
,,,,,,
,,,,,,
,,,,,,
,,,,,,
,,,,,,
,,,,,,
,,,,,,
,,,,,,
,,,,,,
,,,,,,
,,,,,,
,,,,,,
,,,,,,
,,,,,,
,,,,,,
,,,,,,
,,,,,,
,,,,,,
,,,,,,
,,,,,,
,,,,,,
,,,,,,
,,,,,,
,,,,,,
,,,,,,
,,,,,,
,,,,,,
,,,,,,
,,,,,,
,,,,,,
,,,,,,
,,,,,,
,,,,,,
,,,,,,
,,,,,,
,,,,,,
,,,,,,
,,,,,,
,,,,,,
,,,,,,
,,,,,,
,,,,,,
,,,,,,
,,,,,,
,,,,,,
,,,,,,
,,,,,,
,,,,,,
,,,,,,
,,,,,,
,,,,,,
,,,,,,
,,,,,,
,,,,,,
,,,,,,
,,,,,,
,,,,,,
,,,,,,
,,,,,,
,,,,,,
,,,,,,
,,,,,,
,,,,,,
,,,,,,
,,,,,,
,,,,,,
,,,,,,
,,,,,,
,,,,,,
,,,,,,
,,,,,,
,,,,,,
,,,,,,
,,,,,,
,,,,,,
,,,,,,
,,,,,,
,,,,,,
,,,,,,
,,,,,,
,,,,,,
,,,,,,
,,,,,,
,,,,,,
,,,,,,
,,,,,,
,,,,,,
,,,,,,
,,,,,,
,,,,,,
,,,,,,
,,,,,,
,,,,,,
,,,,,,
,,,,,,
,,,,,,
,,,,,,
,,,,,,
,,,,,,
,,,,,,
,,,,,,
,,,,,,
,,,,,,
,,,,,,
,,,,,,
,,,,,,
,,,,,,
,,,,,,
,,,,,,
,,,,,,
,,,,,,
,,,,,,
,,,,,,
,,,,,,
,,,,,,
,,,,,,
,,,,,,
,,,,,,
,,,,,,
,,,,,,
,,,,,,
,,,,,,
,,,,,,
,,,,,,
,,,,,,
,,,,,,
,,,,,,
,,,,,,
,,,,,,
,,,,,,
,,,,,,
,,,,,,
,,,,,,
,,,,,,
,,,,,,
,,,,,,
,,,,,,
,,,,,,
,,,,,,
,,,,,,
,,,,,,
,,,,,,
,,,,,,
,,,,,,
,,,,,,
,,,,,,
,,,,,,
,,,,,,
,,,,,,
,,,,,,
,,,,,,
,,,,,,
,,,,,,
,,,,,,
,,,,,,
,,,,,,
,,,,,,
,,,,,,
,,,,,,
,,,,,,
,,,,,,
,,,,,,
,,,,,,
,,,,,,
,,,,,,
,,,,,,
,,,,,,
,,,,,,
,,,,,,
,,,,,,
,,,,,,
,,,,,,
,,,,,,
,,,,,,
,,,,,,
,,,,,,
,,,,,,
,,,,,,
,,,,,,
,,,,,,
,,,,,,
,,,,,,
,,,,,,
,,,,,,
,,,,,,
,,,,,,
,,,,,,
,,,,,,
,,,,,,
,,,,,,
,,,,,,
,,,,,,
,,,,,,
,,,,,,
,,,,,,
,,,,,,
,,,,,,
,,,,,,
,,,,,,
,,,,,,
,,,,,,
,,,,,,
,,,,,,
,,,,,,
,,,,,,
,,,,,,
,,,,,,
,,,,,,
,,,,,,
,,,,,,
,,,,,,
,,,,,,
,,,,,,
,,,,,,
,,,,,,
,,,,,,
,,,,,,
,,,,,,
,,,,,,
,,,,,,
,,,,,,
,,,,,,
,,,,,,
,,,,,,
,,,,,,
,,,,,,
,,,,,,
,,,,,,
,,,,,,
,,,,,,
,,,,,,
,,,,,,
,,,,,,
,,,,,,
,,,,,,
,,,,,,
,,,,,,
,,,,,,
,,,,,,
,,,,,,
,,,,,,
,,,,,,
,,,,,,
,,,,,,
,,,,,,
,,,,,,
,,,,,,
,,,,,,
,,,,,,
,,,,,,
,,,,,,
,,,,,,
,,,,,,
,,,,,,
,,,,,,
,,,,,,
,,,,,,
,,,,,,
,,,,,,
,,,,,,
,,,,,,
,,,,,,
,,,,,,
,,,,,,
,,,,,,
,,,,,,
,,,,,,
,,,,,,
,,,,,,
,,,,,,
,,,,,,
,,,,,,
,,,,,,
,,,,,,
,,,,,,
,,,,,,
,,,,,,
,,,,,,
,,,,,,
,,,,,,
,,,,,,
,,,,,,
,,,,,,
,,,,,,
,,,,,,
,,,,,,
,,,,,,
,,,,,,
,,,,,,
,,,,,,
,,,,,,
,,,,,,
,,,,,,
,,,,,,
,,,,,,
,,,,,,
,,,,,,
,,,,,,
,,,,,,
,,,,,,
,,,,,,
,,,,,,
,,,,,,
,,,,,,
,,,,,,
,,,,,,
,,,,,,
,,,,,,
,,,,,,
,,,,,,
,,,,,,
,,,,,,
,,,,,,
,,,,,,
,,,,,,
,,,,,,
,,,,,,
,,,,,,
,,,,,,
,,,,,,
,,,,,,
,,,,,,
,,,,,,
,,,,,,
,,,,,,
,,,,,,
,,,,,,
,,,,,,
,,,,,,
,,,,,,
,,,,,,
,,,,,,
,,,,,,
,,,,,,
,,,,,,
,,,,,,
,,,,,,
,,,,,,
,,,,,,
,,,,,,
,,,,,,
,,,,,,
,,,,,,
,,,,,,
,,,,,,
,,,,,,
,,,,,,
,,,,,,
,,,,,,
,,,,,,
,,,,,,
,,,,,,
,,,,,,
,,,,,,
,,,,,,
,,,,,,
,,,,,,
,,,,,,
,,,,,,
,,,,,,
,,,,,,
,,,,,,
,,,,,,
,,,,,,
,,,,,,
,,,,,,
,,,,,,
,,,,,,
,,,,,,
,,,,,,
,,,,,,
,,,,,,
,,,,,,
,,,,,,
,,,,,,
,,,,,,
,,,,,,
,,,,,,
,,,,,,
,,,,,,
,,,,,,
,,,,,,
,,,,,,
,,,,,,
,,,,,,
,,,,,,
,,,,,,
,,,,,,
,,,,,,
,,,,,,
,,,,,,
,,,,,,
,,,,,,
,,,,,,
,,,,,,
,,,,,,
,,,,,,
,,,,,,
,,,,,,
,,,,,,
,,,,,,
,,,,,,
,,,,,,
,,,,,,
,,,,,,
,,,,,,
,,,,,,
,,,,,,
,,,,,,
,,,,,,
,,,,,,
,,,,,,
,,,,,,
,,,,,,
,,,,,,
,,,,,,
,,,,,,
,,,,,,
,,,,,,
,,,,,,
,,,,,,
,,,,,,
,,,,,,
,,,,,,
,,,,,,
,,,,,,
,,,,,,
,,,,,,
,,,,,,
,,,,,,
,,,,,,
,,,,,,
,,,,,,
,,,,,,
,,,,,,
,,,,,,
,,,,,,
,,,,,,
,,,,,,
,,,,,,
,,,,,,
,,,,,,
,,,,,,
,,,,,,
,,,,,,
,,,,,,
,,,,,,
,,,,,,
,,,,,,
,,,,,,
,,,,,,
,,,,,,
,,,,,,
,,,,,,
,,,,,,
,,,,,,
,,,,,,
,,,,,,
,,,,,,
,,,,,,
,,,,,,
,,,,,,
,,,,,,
,,,,,,
,,,,,,
,,,,,,
,,,,,,
,,,,,,
,,,,,,
,,,,,,
,,,,,,
,,,,,,
,,,,,,
,,,,,,
,,,,,,
,,,,,,
,,,,,,
,,,,,,
,,,,,,
,,,,,,
,,,,,,
,,,,,,
,,,,,,
,,,,,,
,,,,,,
,,,,,,
,,,,,,
,,,,,,
,,,,,,
,,,,,,
,,,,,,
,,,,,,
,,,,,,
,,,,,,
,,,,,,
,,,,,,
,,,,,,
,,,,,,
,,,,,,
,,,,,,
,,,,,,
,,,,,,
,,,,,,
,,,,,,
,,,,,,
,,,,,,
,,,,,,
,,,,,,
,,,,,,
,,,,,,
,,,,,,
,,,,,,
,,,,,,
,,,,,,
,,,,,,
,,,,,,
,,,,,,
,,,,,,
,,,,,,
,,,,,,
,,,,,,
,,,,,,
,,,,,,
,,,,,,
,,,,,,
,,,,,,
,,,,,,
,,,,,,
,,,,,,
,,,,,,
,,,,,,
,,,,,,
,,,,,,
,,,,,,
,,,,,,
,,,,,,
,,,,,,
,,,,,,
,,,,,,
,,,,,,
,,,,,,
,,,,,,
,,,,,,
,,,,,,
,,,,,,
,,,,,,
,,,,,,
,,,,,,
,,,,,,
,,,,,,
,,,,,,
,,,,,,
,,,,,,
,,,,,,
,,,,,,
,,,,,,
,,,,,,
,,,,,,
,,,,,,
,,,,,,
,,,,,,
,,,,,,
,,,,,,
,,,,,,
,,,,,,
,,,,,,
,,,,,,
,,,,,,
,,,,,,
,,,,,,
,,,,,,
,,,,,,
,,,,,,
,,,,,,
,,,,,,
,,,,,,
,,,,,,
,,,,,,
,,,,,,
,,,,,,
,,,,,,
,,,,,,
,,,,,,
,,,,,,
,,,,,,
,,,,,,
,,,,,,
,,,,,,
,,,,,,
,,,,,,
,,,,,,
,,,,,,
,,,,,,
,,,,,,
,,,,,,
,,,,,,
,,,,,,
,,,,,,
,,,,,,
,,,,,,
,,,,,,
,,,,,,
,,,,,,
,,,,,,
,,,,,,
,,,,,,
,,,,,,
,,,,,,
,,,,,,
,,,,,,
,,,,,,
,,,,,,
,,,,,,
,,,,,,
,,,,,,
,,,,,,
,,,,,,
,,,,,,
,,,,,,
,,,,,,
,,,,,,
,,,,,,
,,,,,,
,,,,,,
,,,,,,
,,,,,,
,,,,,,
,,,,,,
,,,,,,
,,,,,,
,,,,,,
,,,,,,
,,,,,,
,,,,,,
,,,,,,
,,,,,,
,,,,,,
,,,,,,
,,,,,,
,,,,,,
,,,,,,
,,,,,,
,,,,,,
,,,,,,
,,,,,,
,,,,,,
,,,,,,
,,,,,,
,,,,,,
,,,,,,
,,,,,,
,,,,,,
,,,,,,
,,,,,,
,,,,,,
,,,,,,
,,,,,,
,,,,,,
,,,,,,
,,,,,,
,,,,,,
,,,,,,
,,,,,,
,,,,,,
,,,,,,
,,,,,,
,,,,,,
,,,,,,
,,,,,,
,,,,,,
,,,,,,
,,,,,,
,,,,,,
,,,,,,
,,,,,,
,,,,,,
,,,,,,
,,,,,,
,,,,,,
,,,,,,
,,,,,,
,,,,,,
,,,,,,
,,,,,,
,,,,,,
,,,,,,
,,,,,,
,,,,,,
,,,,,,
,,,,,,
,,,,,,
,,,,,,
,,,,,,
,,,,,,
,,,,,,
,,,,,,
,,,,,,
,,,,,,
,,,,,,
,,,,,,
,,,,,,
,,,,,,
,,,,,,
,,,,,,
,,,,,,
,,,,,,
,,,,,,
,,,,,,
,,,,,,
,,,,,,
,,,,,,
,,,,,,
,,,,,,
,,,,,,
,,,,,,
,,,,,,
,,,,,,
,,,,,,
,,,,,,
,,,,,,
,,,,,,
,,,,,,
,,,,,,
,,,,,,
,,,,,,
,,,,,,
,,,,,,
,,,,,,
,,,,,,
,,,,,,
,,,,,,
,,,,,,
,,,,,,
,,,,,,
,,,,,,
,,,,,,
,,,,,,
,,,,,,
,,,,,,
,,,,,,
,,,,,,
,,,,,,
,,,,,,
,,,,,,
,,,,,,
,,,,,,
,,,,,,
,,,,,,
,,,,,,
,,,,,,
,,,,,,
,,,,,,
,,,,,,
,,,,,,
,,,,,,
,,,,,,
,,,,,,
,,,,,,
,,,,,,
,,,,,,
,,,,,,
,,,,,,
,,,,,,
,,,,,,
,,,,,,
,,,,,,
,,,,,,
,,,,,,
,,,,,,
,,,,,,
,,,,,,
,,,,,,
,,,,,,
,,,,,,
,,,,,,
,,,,,,
,,,,,,
,,,,,,
,,,,,,
,,,,,,
,,,,,,
,,,,,,
,,,,,,
,,,,,,
,,,,,,
,,,,,,
,,,,,,
,,,,,,
,,,,,,
,,,,,,
,,,,,,
,,,,,,
,,,,,,
,,,,,,
,,,,,,
,,,,,,
,,,,,,
,,,,,,
,,,,,,
,,,,,,
,,,,,,
,,,,,,
,,,,,,
,,,,,,
,,,,,,
,,,,,,
,,,,,,
,,,,,,
,,,,,,
,,,,,,
,,,,,,
,,,,,,
,,,,,,
,,,,,,
,,,,,,
,,,,,,
,,,,,,
,,,,,,
,,,,,,
,,,,,,
,,,,,,
,,,,,,
,,,,,,
,,,,,,
,,,,,,
,,,,,,
,,,,,,
,,,,,,
,,,,,,
,,,,,,
,,,,,,
,,,,,,
,,,,,,
,,,,,,
,,,,,,
,,,,,,
,,,,,,
,,,,,,
,,,,,,
,,,,,,
,,,,,,
,,,,,,
,,,,,,
,,,,,,
,,,,,,
,,,,,,
,,,,,,
,,,,,,
,,,,,,
,,,,,,
,,,,,,
,,,,,,
,,,,,,
,,,,,,
,,,,,,
,,,,,,
,,,,,,
,,,,,,
,,,,,,
,,,,,,
,,,,,,
,,,,,,
,,,,,,
,,,,,,
,,,,,,
,,,,,,
,,,,,,
,,,,,,
,,,,,,
,,,,,,
,,,,,,
